	-	#	https://www.macave.leclerc/	-	#	
	-	#	https://www.macave.leclerc/guide-vin/andreas-larsson-sommelier-de-renom/	-	#	
	-	#	https://www.macave.leclerc/nouveautes/	-	#	
chateau-graulet-2014	-	Château Graulet	https://www.macave.leclerc/chateau-graulet-2014	-	https://www.macave.leclerc/media/catalog/product/cache/1/image/9df78eab33525d08d6e5fb8d27136e95/C/H/CHATEAU_GRAULET_2014.jpg	
petit-lexique-du-vin	-	#	https://www.macave.leclerc/guide-vin/petit-lexique-du-vin	-	#	
domaine-morand-2015	-	Domaine Morand	https://www.macave.leclerc/domaine-morand-2015	-	https://www.macave.leclerc/media/catalog/product/cache/1/image/9df78eab33525d08d6e5fb8d27136e95/D/o/DOMAINE_MORAND_VAL_MORAND.jpg	
recettes_de_cuisine	-	#	https://www.macave.leclerc/guide-vin/cat/recettes_de_cuisine	-	#	
mon-seul-reve	-	Mon Seul Rêve	https://www.macave.leclerc/mon-seul-reve	-	https://www.macave.leclerc/media/catalog/product/cache/1/image/9df78eab33525d08d6e5fb8d27136e95/m/o/mon-seul-r_ve---bouteille.jpg	
	-	#	https://www.macave.leclerc/customer/account/login/	-	#	
tasciaca	-	Domaine Ricard - Tasciaca	https://www.macave.leclerc/tasciaca	-	https://www.macave.leclerc/media/catalog/product/cache/1/image/9df78eab33525d08d6e5fb8d27136e95/T/A/TASCIACA.jpg	
lambrusco-doux-rose-andrea-berro	-	Lambrusco Doux Rosé - Andrea Berro	https://www.macave.leclerc/lambrusco-doux-rose-andrea-berro	-	https://www.macave.leclerc/media/catalog/product/cache/1/image/9df78eab33525d08d6e5fb8d27136e95/m/a/macave-vf16-andrea-berro-lambrusco-rose-403x471.jpg	
mas-de-lunes	-	Mas de Lunès	https://www.macave.leclerc/mas-de-lunes	-	https://www.macave.leclerc/media/catalog/product/cache/1/image/9df78eab33525d08d6e5fb8d27136e95/m/a/mas_de_lunes.jpg	
freixenet-cordon-negro	-	Freixenet - Cordon Negro	https://www.macave.leclerc/freixenet-cordon-negro	-	https://www.macave.leclerc/media/catalog/product/cache/1/image/9df78eab33525d08d6e5fb8d27136e95/f/r/freixenet-cordon-negro---bouteille.jpg	
la-gioiosa	-	La Gioiosa	https://www.macave.leclerc/la-gioiosa	-	https://www.macave.leclerc/media/catalog/product/cache/1/image/9df78eab33525d08d6e5fb8d27136e95/p/r/prosecco-la-giosa---bouteille.jpg	
carpinius-tokaji-aszu-puttonyos	-	Carpinius Tokaji - Aszu Puttonyos	https://www.macave.leclerc/carpinius-tokaji-aszu-puttonyos	-	https://www.macave.leclerc/media/catalog/product/cache/1/image/9df78eab33525d08d6e5fb8d27136e95/images/catalog/product/placeholder/image.jpg	
foire-aux-vins	-	#	https://www.macave.leclerc/guide-vin/foire-aux-vins	-	#	
defesa-do-esporao	-	Defesa Do Esporao	https://www.macave.leclerc/defesa-do-esporao	-	https://www.macave.leclerc/media/catalog/product/cache/1/image/9df78eab33525d08d6e5fb8d27136e95/d/e/defesa_herdade_do_esporao_2015_1.jpg	
gruner-vetliner-eiswein-2016	-	Grüner Veltliner Eiswein	https://www.macave.leclerc/gruner-vetliner-eiswein-2016	-	https://www.macave.leclerc/media/catalog/product/cache/1/image/9df78eab33525d08d6e5fb8d27136e95/G/R/GRUNER_VELTER_EISWEN_1.jpg	
assobio-2015	-	Assobio	https://www.macave.leclerc/assobio-2015	-	https://www.macave.leclerc/media/catalog/product/cache/1/image/9df78eab33525d08d6e5fb8d27136e95/a/s/assobio_2015.jpg	
luma-grillo	-	Luma Grillo	https://www.macave.leclerc/luma-grillo	-	https://www.macave.leclerc/media/catalog/product/cache/1/image/9df78eab33525d08d6e5fb8d27136e95/m/a/macave-vf16-luma-grillo-403x471.jpg	
chateau-bodrog-5-puttonyos-2013	-	Château Bodrog - 5 Puttonyos	https://www.macave.leclerc/chateau-bodrog-5-puttonyos-2013	-	https://www.macave.leclerc/media/catalog/product/cache/1/image/9df78eab33525d08d6e5fb8d27136e95/c/h/chateau_bodrog_2013.jpg	
costa-nera-by-las-ninas-reserva-cabernet-sauvignon-2016	-	Costa Nera by Las Ninas - Reserva Cabernet Sauvignon	https://www.macave.leclerc/costa-nera-by-las-ninas-reserva-cabernet-sauvignon-2016	-	https://www.macave.leclerc/media/catalog/product/cache/1/image/9df78eab33525d08d6e5fb8d27136e95/c/o/costa_nera_reserva_vina_las_ninas_2016.jpg	
piccini-sasso-al-poggio-2012	-	Piccini - Sasso Al Poggio	https://www.macave.leclerc/piccini-sasso-al-poggio-2012	-	https://www.macave.leclerc/media/catalog/product/cache/1/image/9df78eab33525d08d6e5fb8d27136e95/s/a/sasso_al_poggio_2012.jpg	
fontanafredda-2013	-	Fontanafredda	https://www.macave.leclerc/fontanafredda-2013	-	https://www.macave.leclerc/media/catalog/product/cache/1/image/9df78eab33525d08d6e5fb8d27136e95/b/a/barolo_fontanafredda_2013.jpg	
penfolds-koonunga-hill-chardonnay-2016	-	Penfolds Koonunga Hill - Chardonnay	https://www.macave.leclerc/penfolds-koonunga-hill-chardonnay-2016	-	https://www.macave.leclerc/media/catalog/product/cache/1/image/9df78eab33525d08d6e5fb8d27136e95/p/e/penfolds_koonunga_hill_blanc_2015.jpg	
penfolds-koonunga-hill-shiraz-cabernet-2015	-	Penfolds Koonunga Hill - Shiraz Cabernet	https://www.macave.leclerc/penfolds-koonunga-hill-shiraz-cabernet-2015	-	https://www.macave.leclerc/media/catalog/product/cache/1/image/9df78eab33525d08d6e5fb8d27136e95/p/e/penfolds_bin_2_shiraz_mataro_2013_1_1.jpg	
allegrini-corte-giara	-	Allegrini Corte Giara	https://www.macave.leclerc/allegrini-corte-giara	-	https://www.macave.leclerc/media/catalog/product/cache/1/image/9df78eab33525d08d6e5fb8d27136e95/m/a/macave-vf16-allegrini-corte-giara-403x471.jpg	
il-palazzo	-	Il Palazzo	https://www.macave.leclerc/il-palazzo	-	https://www.macave.leclerc/media/catalog/product/cache/1/image/9df78eab33525d08d6e5fb8d27136e95/i/l/il_palazzo_chianti_2014.jpg	
mesta	-	Mesta	https://www.macave.leclerc/mesta	-	https://www.macave.leclerc/media/catalog/product/cache/1/image/9df78eab33525d08d6e5fb8d27136e95/m/E/MESTA_TEMPRANILLO_2015.jpg	
dragon-seal	-	Dragon Seal	https://www.macave.leclerc/dragon-seal	-	https://www.macave.leclerc/media/catalog/product/cache/1/image/9df78eab33525d08d6e5fb8d27136e95/D/R/DRAGON_SEAL_2014.jpg	
las-ninas-merlot-cabernet-sauvignon	-	Las Ninas - Merlot  & Cabernet Sauvignon	https://www.macave.leclerc/las-ninas-merlot-cabernet-sauvignon	-	https://www.macave.leclerc/media/catalog/product/cache/1/image/9df78eab33525d08d6e5fb8d27136e95/L/a/LAS_NINAS_MERLOT_CABERNET_SAUVIGNON.jpg	
prosecco-signore-giuseppe-4167	-	Prosecco Signore Giuseppe	https://www.macave.leclerc/prosecco-signore-giuseppe-4167	-	https://www.macave.leclerc/media/catalog/product/cache/1/image/9df78eab33525d08d6e5fb8d27136e95/m/a/macave-vf16-signore-giuseppe-403x471.jpg	
lambrusco-sec-rouge-andrea-berro-4238	-	Lambrusco Sec Rouge - Andrea Berro	https://www.macave.leclerc/lambrusco-sec-rouge-andrea-berro-4238	-	https://www.macave.leclerc/media/catalog/product/cache/1/image/9df78eab33525d08d6e5fb8d27136e95/m/a/macave-vf16-andrea-berro-lambrusco-rosso-403x471_1_1.jpg	
gruner-vetliner-eiswein	-	Grüner Veltliner Eiswein	https://www.macave.leclerc/gruner-vetliner-eiswein	-	https://www.macave.leclerc/media/catalog/product/cache/1/image/9df78eab33525d08d6e5fb8d27136e95/G/R/GRUNER_VELTER_EISWEN.jpg	
lambrusco-doux-rouge-andrea-berro-4242	-	Lambrusco Doux Rouge - Andrea Berro	https://www.macave.leclerc/lambrusco-doux-rouge-andrea-berro-4242	-	https://www.macave.leclerc/media/catalog/product/cache/1/image/9df78eab33525d08d6e5fb8d27136e95/m/a/macave-vf16-andrea-berro-lambrusco-rosso-403x471.jpg	
deutz-blanc-de-blancs-3760143478469	-	Deutz Blanc de Blancs	https://www.macave.leclerc/deutz-blanc-de-blancs-3760143478469	-	https://www.macave.leclerc/media/catalog/product/cache/1/image/9df78eab33525d08d6e5fb8d27136e95/D/E/DEUTZ_BLANC_DE_BLANCS.jpg	
billecart-salmon-blanc-de-blancs	-	Billecart Salmon Blanc de Blancs	https://www.macave.leclerc/billecart-salmon-blanc-de-blancs	-	https://www.macave.leclerc/media/catalog/product/cache/1/image/9df78eab33525d08d6e5fb8d27136e95/b/i/billecart_salmon_brut_blanc_de_blancs.jpg	
ruinart-brut	-	Ruinart Brut	https://www.macave.leclerc/ruinart-brut	-	https://www.macave.leclerc/media/catalog/product/cache/1/image/9df78eab33525d08d6e5fb8d27136e95/r/u/ruinart_brut.jpg	
bollinger-special-cuvee	-	Bollinger Spécial Cuvée	https://www.macave.leclerc/bollinger-special-cuvee	-	https://www.macave.leclerc/media/catalog/product/cache/1/image/9df78eab33525d08d6e5fb8d27136e95/B/O/BOLLINGER_SPECIAL_CUVEE.jpg	
roederer-brut-premier	-	Louis Roederer - Brut Premier	https://www.macave.leclerc/roederer-brut-premier	-	https://www.macave.leclerc/media/catalog/product/cache/1/image/9df78eab33525d08d6e5fb8d27136e95/r/o/roederer_brut_premier.jpg	
billecart-salmon-brut	-	Billecart Salmon Brut	https://www.macave.leclerc/billecart-salmon-brut	-	https://www.macave.leclerc/media/catalog/product/cache/1/image/9df78eab33525d08d6e5fb8d27136e95/b/i/billecart_salmon_brut.jpg	
deutz-brut-classic	-	Deutz Brut Classic	https://www.macave.leclerc/deutz-brut-classic	-	https://www.macave.leclerc/media/catalog/product/cache/1/image/9df78eab33525d08d6e5fb8d27136e95/C/H/CHAMPAGNE_DEUTZ_CLASSIC.jpg	
pierre-launay-blanc-de-meunier	-	Pierre Launay -  Blanc de Meunier	https://www.macave.leclerc/pierre-launay-blanc-de-meunier	-	https://www.macave.leclerc/media/catalog/product/cache/1/image/9df78eab33525d08d6e5fb8d27136e95/P/I/PIERRE_LAUNAY_BLANC_MEUNIER.jpg	
lanson-millesime-2008	-	Lanson Millésimé 2008	https://www.macave.leclerc/lanson-millesime-2008	-	https://www.macave.leclerc/media/catalog/product/cache/1/image/9df78eab33525d08d6e5fb8d27136e95/l/a/lanson_2008.jpg	
laurent-perrier	-	Laurent Perrier	https://www.macave.leclerc/laurent-perrier	-	https://www.macave.leclerc/media/catalog/product/cache/1/image/9df78eab33525d08d6e5fb8d27136e95/l/a/laurent_perrier_brut_1.jpg	
carpinius-tokaji-furmint-sec-4060	-	Carpinius Tokaji - Furmint Sec	https://www.macave.leclerc/carpinius-tokaji-furmint-sec-4060	-	https://www.macave.leclerc/media/catalog/product/cache/1/image/9df78eab33525d08d6e5fb8d27136e95/f/u/furmint_sec_2013.jpg	
ayala-brut-majeur	-	Ayala Brut Majeur	https://www.macave.leclerc/ayala-brut-majeur	-	https://www.macave.leclerc/media/catalog/product/cache/1/image/9df78eab33525d08d6e5fb8d27136e95/A/Y/AYALA_BRUT_MAJEUR.jpg	
gosset-brut-excellence	-	Gosset Brut Excellence	https://www.macave.leclerc/gosset-brut-excellence	-	https://www.macave.leclerc/media/catalog/product/cache/1/image/9df78eab33525d08d6e5fb8d27136e95/G/O/GOSSET_BRUT_EXCELLENCE.jpg	
philipponnat-royal-reserve	-	Philipponnat Royal Réserve	https://www.macave.leclerc/philipponnat-royal-reserve	-	https://www.macave.leclerc/media/catalog/product/cache/1/image/9df78eab33525d08d6e5fb8d27136e95/r/s/rsz_philipponnat_royal_reserve.jpg	
pierre-launay-millesime-2011	-	Pierre Launay - Millésimé 2011	https://www.macave.leclerc/pierre-launay-millesime-2011	-	https://www.macave.leclerc/media/catalog/product/cache/1/image/9df78eab33525d08d6e5fb8d27136e95/p/i/pierre_launay_millesime_nm.jpg	
pierre-launay-selection	-	Pierre Launay - Sélection	https://www.macave.leclerc/pierre-launay-selection	-	https://www.macave.leclerc/media/catalog/product/cache/1/image/9df78eab33525d08d6e5fb8d27136e95/P/I/PIERRE_LAUNAY_SELECTION.jpg	
pierre-launay-prestige	-	Pierre Launay - Prestige	https://www.macave.leclerc/pierre-launay-prestige	-	https://www.macave.leclerc/media/catalog/product/cache/1/image/9df78eab33525d08d6e5fb8d27136e95/P/I/PIERRE_LAUNAY_PRESTIGE.jpg	
pierre-launay-tradition-brut	-	Pierre Launay - Tradition Brut	https://www.macave.leclerc/pierre-launay-tradition-brut	-	https://www.macave.leclerc/media/catalog/product/cache/1/image/9df78eab33525d08d6e5fb8d27136e95/P/I/PIERRE_LAUNAY_TRADITION_BRUT.jpg	
domaine-des-songes	-	Domaine des Songes	https://www.macave.leclerc/domaine-des-songes	-	https://www.macave.leclerc/media/catalog/product/cache/1/image/9df78eab33525d08d6e5fb8d27136e95/d/o/domaine-des-songes-2015---bouteille.jpg	
chateau-la-sauvageonne-cuvee-les-ruffes-2014	-	Château La Sauvageonne - Cuvée les Ruffes	https://www.macave.leclerc/chateau-la-sauvageonne-cuvee-les-ruffes-2014	-	https://www.macave.leclerc/media/catalog/product/cache/1/image/9df78eab33525d08d6e5fb8d27136e95/C/H/CHATEAU_LA_SAUVAGEONNE.jpg	
chateau-la-sauvageonne-cuvee-les-ruffes-2015	-	Château La Sauvageonne - Cuvée les Ruffes	https://www.macave.leclerc/chateau-la-sauvageonne-cuvee-les-ruffes-2015	-	https://www.macave.leclerc/media/catalog/product/cache/1/image/9df78eab33525d08d6e5fb8d27136e95/C/H/CHATEAU_LA_SAUVAGEONNE_1.jpg	
le-clos-du-lucquier-philippe-2015	-	Le Clos du Lucquier - Philippe	https://www.macave.leclerc/le-clos-du-lucquier-philippe-2015	-	https://www.macave.leclerc/media/catalog/product/cache/1/image/9df78eab33525d08d6e5fb8d27136e95/c/1/c1253_dvp_-_terrasses_du_larzac_domaine_le_clos_du_lucquier_cuv_e_philippe_2015.jpg	
chateau-avernus	-	Château Avernus	https://www.macave.leclerc/chateau-avernus	-	https://www.macave.leclerc/media/catalog/product/cache/1/image/9df78eab33525d08d6e5fb8d27136e95/C/H/CHATEAU_AVERNUS_2014.jpg	
les-quatre-clochers	-	Les Quatre Clochers	https://www.macave.leclerc/les-quatre-clochers	-	https://www.macave.leclerc/media/catalog/product/cache/1/image/9df78eab33525d08d6e5fb8d27136e95/q/u/quatre_clocher_2012.jpg	
les-clos-de-paulilles-2015	-	Les Clos de Paulilles - Cuvée Jules Pams	https://www.macave.leclerc/les-clos-de-paulilles-2015	-	https://www.macave.leclerc/media/catalog/product/cache/1/image/9df78eab33525d08d6e5fb8d27136e95/L/E/LES_CLOS_PAULILLES_JULES_PAMS_2014_1.jpg	
puech-haut-premiere-rouge-2015	-	Puech-Haut - Première	https://www.macave.leclerc/puech-haut-premiere-rouge-2015	-	https://www.macave.leclerc/media/catalog/product/cache/1/image/9df78eab33525d08d6e5fb8d27136e95/p/u/puech_haut_premier_rouge_2015.jpg	
puech-haut-premiere-2016	-	Puech-Haut - Première	https://www.macave.leclerc/puech-haut-premiere-2016	-	https://www.macave.leclerc/media/catalog/product/cache/1/image/9df78eab33525d08d6e5fb8d27136e95/p/u/puech_haut_premiere_rose_2016.jpg	
domaine-du-causse-d-arboras-la-faille-2014	-	Domaine du Causse d'Arboras - La Faille	https://www.macave.leclerc/domaine-du-causse-d-arboras-la-faille-2014	-	https://www.macave.leclerc/media/catalog/product/cache/1/image/9df78eab33525d08d6e5fb8d27136e95/v/j/vjj_domaine_du_causse_d_arboras_la_faille.jpg	
domaine-du-causse-d-arboras-la-sentinelle	-	Domaine du Causse d'Arboras - La Sentinelle	https://www.macave.leclerc/domaine-du-causse-d-arboras-la-sentinelle	-	https://www.macave.leclerc/media/catalog/product/cache/1/image/9df78eab33525d08d6e5fb8d27136e95/v/j/vjj_domaine_du_causse_d_arboras_la_sentinelle.jpg	
domaine-de-l-hortus-bergerie	-	Domaine de l'Hortus - Bergerie de l'Hortus	https://www.macave.leclerc/domaine-de-l-hortus-bergerie	-	https://www.macave.leclerc/media/catalog/product/cache/1/image/9df78eab33525d08d6e5fb8d27136e95/d/o/domaine_l_hortus_classique_2016.jpg	
les-hauts-de-castelmaure-2015	-	Les Hauts de Castelmaure	https://www.macave.leclerc/les-hauts-de-castelmaure-2015	-	https://www.macave.leclerc/media/catalog/product/cache/1/image/9df78eab33525d08d6e5fb8d27136e95/l/e/les_hauts_de_castelmaure_2015.jpg	
insolentia	-	Domaine Sol Payre - Insolentia	https://www.macave.leclerc/insolentia	-	https://www.macave.leclerc/media/catalog/product/cache/1/image/9df78eab33525d08d6e5fb8d27136e95/i/n/INSOLENTIA.jpg	
domaine-de-l-hortus-grande-cuvee	-	Domaine de l'Hortus - Grande Cuvée	https://www.macave.leclerc/domaine-de-l-hortus-grande-cuvee	-	https://www.macave.leclerc/media/catalog/product/cache/1/image/9df78eab33525d08d6e5fb8d27136e95/d/o/domaine_de_l_hortus_grande_cuvee_2015.jpg	
domaine-cauhape-delices-lucie-2016	-	Domaine Cauhapé - Les Délices de Lucie	https://www.macave.leclerc/domaine-cauhape-delices-lucie-2016	-	https://www.macave.leclerc/media/catalog/product/cache/1/image/9df78eab33525d08d6e5fb8d27136e95/d/o/domaine-de-cauhap_---d_lices-de-lucie.jpg	
domaine-de-menard-100-sauvignon	-	Domaine de Ménard - 100% Sauvignon	https://www.macave.leclerc/domaine-de-menard-100-sauvignon	-	https://www.macave.leclerc/media/catalog/product/cache/1/image/9df78eab33525d08d6e5fb8d27136e95/d/o/domaine_menard_cotes_de_gascogne_2015_2.jpg	
chateau-la-renaudie	-	Château La Renaudie	https://www.macave.leclerc/chateau-la-renaudie	-	https://www.macave.leclerc/media/catalog/product/cache/1/image/9df78eab33525d08d6e5fb8d27136e95/C/H/CHATEAU_LA_RENAUDIE_TRADITION_2014.jpg	
domaine-d-escausses-prestige-2015	-	Domaine d'Escausses - Prestige	https://www.macave.leclerc/domaine-d-escausses-prestige-2015	-	https://www.macave.leclerc/media/catalog/product/cache/1/image/9df78eab33525d08d6e5fb8d27136e95/d/o/domaine_escausses_2015.jpg	
chateau-candastre-2015	-	Château Candastre	https://www.macave.leclerc/chateau-candastre-2015	-	https://www.macave.leclerc/media/catalog/product/cache/1/image/9df78eab33525d08d6e5fb8d27136e95/C/H/CHATEAU_CANDASTRE_2015.jpg	
chateau-lerez-monpezat	-	Château Leret - Monpezat	https://www.macave.leclerc/chateau-lerez-monpezat	-	https://www.macave.leclerc/media/catalog/product/cache/1/image/9df78eab33525d08d6e5fb8d27136e95/C/H/CHATEAU_LEREZ_MONPEZAT_2014.jpg	
chateau-quattre-2015	-	Château Quattre	https://www.macave.leclerc/chateau-quattre-2015	-	https://www.macave.leclerc/media/catalog/product/cache/1/image/9df78eab33525d08d6e5fb8d27136e95/C/H/CHATEAU_QUATTRE_2015.jpg	
clos-des-batuts	-	Clos des Batuts	https://www.macave.leclerc/clos-des-batuts	-	https://www.macave.leclerc/media/catalog/product/cache/1/image/9df78eab33525d08d6e5fb8d27136e95/c/l/clos_des_batuts_2015.jpg	
grains-de-roy-2015	-	Grains de Roy	https://www.macave.leclerc/grains-de-roy-2015	-	https://www.macave.leclerc/media/catalog/product/cache/1/image/9df78eab33525d08d6e5fb8d27136e95/g/r/grains_de_roy_2014.jpg	
chateau-haut-theulet-2013	-	Château Haut Theulet	https://www.macave.leclerc/chateau-haut-theulet-2013	-	https://www.macave.leclerc/media/catalog/product/cache/1/image/9df78eab33525d08d6e5fb8d27136e95/C/H/CHATEAU_HAUT_THEULET_2013.jpg	
domaine-cauhape-les-vignes-de-silene	-	Domaine Cauhapé - Les Vignes de Silène	https://www.macave.leclerc/domaine-cauhape-les-vignes-de-silene	-	https://www.macave.leclerc/media/catalog/product/cache/1/image/9df78eab33525d08d6e5fb8d27136e95/d/o/domaine_cauhape_vignes_de_silene_2015.jpg	
chateau-de-rousse-reve-d-elodie-2016	-	Château de Rousse - Rêve d'Élodie	https://www.macave.leclerc/chateau-de-rousse-reve-d-elodie-2016	-	https://www.macave.leclerc/media/catalog/product/cache/1/image/9df78eab33525d08d6e5fb8d27136e95/C/H/CHATEAU_DE_ROUSSE_2016.jpg	
domaine-de-l-herre-gros-manseng	-	Domaine de l'Herré - Gros Manseng	https://www.macave.leclerc/domaine-de-l-herre-gros-manseng	-	https://www.macave.leclerc/media/catalog/product/cache/1/image/9df78eab33525d08d6e5fb8d27136e95/d/o/domaine_herre_gros_manseng_2014.jpg	
domaine-de-l-herre-sauvignon-blanc-2015	-	Domaine de l'Herré - Sauvignon Blanc	https://www.macave.leclerc/domaine-de-l-herre-sauvignon-blanc-2015	-	https://www.macave.leclerc/media/catalog/product/cache/1/image/9df78eab33525d08d6e5fb8d27136e95/d/o/domaine_herre_sauvignon_2015.jpg	
petite-faiblesse	-	Petite Faiblesse	https://www.macave.leclerc/petite-faiblesse	-	https://www.macave.leclerc/media/catalog/product/cache/1/image/9df78eab33525d08d6e5fb8d27136e95/p/e/petite_faiblesse.jpg	
domaine-du-haut-perron-2014	-	Domaine du Haut Perron	https://www.macave.leclerc/domaine-du-haut-perron-2014	-	https://www.macave.leclerc/media/catalog/product/cache/1/image/9df78eab33525d08d6e5fb8d27136e95/d/o/domaine_haut_perron_chenonceaux_blanc.jpg	
vincent-ricard-le	-	Domaine Ricard - Le ?	https://www.macave.leclerc/vincent-ricard-le	-	https://www.macave.leclerc/media/catalog/product/cache/1/image/9df78eab33525d08d6e5fb8d27136e95/i/n/INTERROGATION.jpg	
les-trois-chenes	-	Domaine Ricard - Les Trois Chênes	https://www.macave.leclerc/les-trois-chenes	-	https://www.macave.leclerc/media/catalog/product/cache/1/image/9df78eab33525d08d6e5fb8d27136e95/L/E/LES_TROIS_CHENES.jpg	
domaine-roblin-grande-vallee-2015	-	Domaine Roblin - Grande Vallée	https://www.macave.leclerc/domaine-roblin-grande-vallee-2015	-	https://www.macave.leclerc/media/catalog/product/cache/1/image/9df78eab33525d08d6e5fb8d27136e95/d/o/domaine_roblin_grande_vallee_blanc_2015.jpg	
domaine-jean-max-roger-les-caillottes	-	Domaine Jean-Max Roger - Les Caillottes	https://www.macave.leclerc/domaine-jean-max-roger-les-caillottes	-	https://www.macave.leclerc/media/catalog/product/cache/1/image/9df78eab33525d08d6e5fb8d27136e95/D/o/DOMAINE_JEAN_MAX_ROGER_CAILLOTTES_2015.jpg	
domaine-carlin-pinson-2016	-	Domaine Carlin Pinson	https://www.macave.leclerc/domaine-carlin-pinson-2016	-	https://www.macave.leclerc/media/catalog/product/cache/1/image/9df78eab33525d08d6e5fb8d27136e95/D/O/DOMAINE_CARLIN_PINSON_TRADITION.jpg	
alain-girard-et-fils-2015	-	Alain Girard et Fils	https://www.macave.leclerc/alain-girard-et-fils-2015	-	https://www.macave.leclerc/media/catalog/product/cache/1/image/9df78eab33525d08d6e5fb8d27136e95/A/L/ALAIN_GIRARD_SANCERRE.jpg	
domaine-michel-cordaillat	-	Domaine Michel Cordaillat - Les Sables	https://www.macave.leclerc/domaine-michel-cordaillat	-	https://www.macave.leclerc/media/catalog/product/cache/1/image/9df78eab33525d08d6e5fb8d27136e95/D/o/DOMAINE_MICHEL_CORDAILLAT_LES_SABLES.jpg	
domaine-de-la-brosse	-	Domaine de la Brosse	https://www.macave.leclerc/domaine-de-la-brosse	-	https://www.macave.leclerc/media/catalog/product/cache/1/image/9df78eab33525d08d6e5fb8d27136e95/D/o/DOMAINE_DE_LA_BROSSE_QUINCY_2015.jpg	
domaine-jean-max-roger-pouilly-fume-2015	-	Domaine Jean-Max Roger - Les Alouettes	https://www.macave.leclerc/domaine-jean-max-roger-pouilly-fume-2015	-	https://www.macave.leclerc/media/catalog/product/cache/1/image/9df78eab33525d08d6e5fb8d27136e95/D/o/DOMAINE_JEAN_MAX_ROGER_ALOUETTES_2015.jpg	
domaine-salmon	-	Domaine Salmon	https://www.macave.leclerc/domaine-salmon	-	https://www.macave.leclerc/media/catalog/product/cache/1/image/9df78eab33525d08d6e5fb8d27136e95/D/o/DOMAINE_SALMON_MUSCADET_VIEILLES_VIGNES.jpg	
grand-fief	-	Grand Fief	https://www.macave.leclerc/grand-fief	-	https://www.macave.leclerc/media/catalog/product/cache/1/image/9df78eab33525d08d6e5fb8d27136e95/G/R/GRAND_FIEF_MUSCADET_2015.jpg	
domaine-jean-max-roger-menetou-salon-2014	-	Domaine Jean-Max Roger - Le Charmay	https://www.macave.leclerc/domaine-jean-max-roger-menetou-salon-2014	-	https://www.macave.leclerc/media/catalog/product/cache/1/image/9df78eab33525d08d6e5fb8d27136e95/D/o/DOMAINE_JEAN_MAX_ROGER_CHARNAY_2014.jpg	
vignoble-de-la-fresnaye-halbert-coteaux-du-layon-saint-aubin	-	Vignoble de la Fresnaye - Halbert	https://www.macave.leclerc/vignoble-de-la-fresnaye-halbert-coteaux-du-layon-saint-aubin	-	https://www.macave.leclerc/media/catalog/product/cache/1/image/9df78eab33525d08d6e5fb8d27136e95/v/i/VIGNOBLE_FRESNAYE_SAINT_AUBIN.jpg	
domaine-des-deux-vallees-2015	-	Domaine des Deux Vallées - Les Justices	https://www.macave.leclerc/domaine-des-deux-vallees-2015	-	https://www.macave.leclerc/media/catalog/product/cache/1/image/9df78eab33525d08d6e5fb8d27136e95/D/o/DOMAINE_DES_DEUX_VALLEES_LES_JUSTICES_2015.jpg	
vignoble-de-la-fresnaye-halbert-coteaux-du-layon	-	Vignoble de la Fresnaye - Halbert	https://www.macave.leclerc/vignoble-de-la-fresnaye-halbert-coteaux-du-layon	-	https://www.macave.leclerc/media/catalog/product/cache/1/image/9df78eab33525d08d6e5fb8d27136e95/v/i/VIGNOBLE_FRESNAYE_COTEAUX_LAYON.jpg	
madame-veuve-point-pommard-1ercru	-	Madame Veuve Point	https://www.macave.leclerc/madame-veuve-point-pommard-1ercru	-	https://www.macave.leclerc/media/catalog/product/cache/1/image/9df78eab33525d08d6e5fb8d27136e95/m/a/madame-veuve-point-pommard-1er-cru---visuel-bouteille.jpg	
madame-veuve-point-rully-2015	-	Madame Veuve Point	https://www.macave.leclerc/madame-veuve-point-rully-2015	-	https://www.macave.leclerc/media/catalog/product/cache/1/image/9df78eab33525d08d6e5fb8d27136e95/m/a/madame-veuve-point-rully---visuel-bouteille.jpg	
domaine-christophe-cordier-terroirs-rares	-	Domaine Christophe Cordier - Terroirs Rares	https://www.macave.leclerc/domaine-christophe-cordier-terroirs-rares	-	https://www.macave.leclerc/media/catalog/product/cache/1/image/9df78eab33525d08d6e5fb8d27136e95/c/h/christophe-cordier-pouilly-fuiss_---visuel-bouteille.jpg	
chateau-de-la-maltroye	-	Château de la Maltroye	https://www.macave.leclerc/chateau-de-la-maltroye	-	https://www.macave.leclerc/media/catalog/product/cache/1/image/9df78eab33525d08d6e5fb8d27136e95/c/h/ch_teau-de-la-maltroye---visuel-bouteille.jpg	
nicolas-feuillatte-grande-reserve-sceau-x-ploration	-	Nicolas Feuillatte Grande Réserve + Sceau X'Ploration	https://www.macave.leclerc/nicolas-feuillatte-grande-reserve-sceau-x-ploration	-	https://www.macave.leclerc/media/catalog/product/cache/1/image/9df78eab33525d08d6e5fb8d27136e95/n/i/nicolas-feuillatte-grande-reserve-_-sceau-403x471.jpg	
louis-violland-maranges-150cl	-	Louis Violland	https://www.macave.leclerc/louis-violland-maranges-150cl	-	https://www.macave.leclerc/media/catalog/product/cache/1/image/9df78eab33525d08d6e5fb8d27136e95/l/o/louis-violland-maranges---visuel-bouteille.jpg	
cave-des-grands-crus-blancs-150cl	-	Cave des Grands Crus Blancs	https://www.macave.leclerc/cave-des-grands-crus-blancs-150cl	-	https://www.macave.leclerc/media/catalog/product/cache/1/image/9df78eab33525d08d6e5fb8d27136e95/c/a/cave_des_grands_crus_blancs_pouilly_loche_2015.jpg	
domaine-levron-vincenot-clos-des-varennes	-	Domaine Levron & Vincenot - Clos des Varennes	https://www.macave.leclerc/domaine-levron-vincenot-clos-des-varennes	-	https://www.macave.leclerc/media/catalog/product/cache/1/image/9df78eab33525d08d6e5fb8d27136e95/d/o/domaine-levron-_-vincenot.jpg	
domaine-roc-folassiere-m-chapoutier-blanc-2015	-	Domaine Roc Folassière - M. Chapoutier	https://www.macave.leclerc/domaine-roc-folassiere-m-chapoutier-blanc-2015	-	https://www.macave.leclerc/media/catalog/product/cache/1/image/9df78eab33525d08d6e5fb8d27136e95/d/o/domaine-roc-folassi_re-blanc-2015---visuel-bouteille.jpg	
domaine-roc-folassiere-m-chapoutier-rouge-2015	-	Domaine Roc Folassière - M. Chapoutier	https://www.macave.leclerc/domaine-roc-folassiere-m-chapoutier-rouge-2015	-	https://www.macave.leclerc/media/catalog/product/cache/1/image/9df78eab33525d08d6e5fb8d27136e95/d/o/domaine-roc-folassi_re-rouge-2015---visuel-bouteille.jpg	
m-chapoutier-schistes-d-agrumes	-	M. Chapoutier - Schistes d'Agrumes	https://www.macave.leclerc/m-chapoutier-schistes-d-agrumes	-	https://www.macave.leclerc/media/catalog/product/cache/1/image/9df78eab33525d08d6e5fb8d27136e95/m/_/m.chapoutier-condrieu---visuel-bouteille.jpg	
m-chapoutier-cornas-2012	-	M. Chapoutier	https://www.macave.leclerc/m-chapoutier-cornas-2012	-	https://www.macave.leclerc/media/catalog/product/cache/1/image/9df78eab33525d08d6e5fb8d27136e95/m/_/m.chapoutier-cornas---visuel-bouteille.jpg	
m-chapoutier-hermitage-rouge-2014	-	M. Chapoutier - Mure de Larnage	https://www.macave.leclerc/m-chapoutier-hermitage-rouge-2014	-	https://www.macave.leclerc/media/catalog/product/cache/1/image/9df78eab33525d08d6e5fb8d27136e95/m/_/m.chapoutier-hermitage-rouge-2014---visuel-bouteille.jpg	
coffret-chanoine-freres-reserve-privee-2-flutes-offertes	-	Coffret Chanoine Frères Réserve Privée Brut + 2 Flûtes offertes	https://www.macave.leclerc/coffret-chanoine-freres-reserve-privee-2-flutes-offertes	-	https://www.macave.leclerc/media/catalog/product/cache/1/image/9df78eab33525d08d6e5fb8d27136e95/h/d/hd---coffret-bouteille-chanoine-brut---1mo.jpg	
coffret-chanoine-freres-reserve-privee-2-flutes-offertes-rose	-	Coffret Chanoine Frères Réserve Privée Rosé + 2 Flûtes offertes	https://www.macave.leclerc/coffret-chanoine-freres-reserve-privee-2-flutes-offertes-rose	-	https://www.macave.leclerc/media/catalog/product/cache/1/image/9df78eab33525d08d6e5fb8d27136e95/m/d/md---coffret-bouteille-chanoine-ros_2fl_tes---1mo.jpg	
caisse-decouverte-2012	-	Caisse Découverte	https://www.macave.leclerc/caisse-decouverte-2012	-	https://www.macave.leclerc/media/catalog/product/cache/1/image/9df78eab33525d08d6e5fb8d27136e95/c/a/caisse-bois-6-demi-btle-2012.jpg	
e-guigal-condrieu-2015	-	E.Guigal	https://www.macave.leclerc/e-guigal-condrieu-2015	-	https://www.macave.leclerc/media/catalog/product/cache/1/image/9df78eab33525d08d6e5fb8d27136e95/e/_/e_guigal_saint_joseph_2014_1.jpg	
louis-chavy-rully-2014	-	Louis Chavy	https://www.macave.leclerc/louis-chavy-rully-2014	-	https://www.macave.leclerc/media/catalog/product/cache/1/image/9df78eab33525d08d6e5fb8d27136e95/l/o/louis-chavy---visuel-bouteille.jpg	
manifeste-macave	-	#	https://www.macave.leclerc/guide-vin/manifeste-macave	-	#	
clos-san-quilico-2013	-	Clos San Quilico	https://www.macave.leclerc/clos-san-quilico-2013	-	https://www.macave.leclerc/media/catalog/product/cache/1/image/9df78eab33525d08d6e5fb8d27136e95/c/l/clos_san_quilico_1.jpg	
domaine-casabianca	-	Domaine Casabianca	https://www.macave.leclerc/domaine-casabianca	-	https://www.macave.leclerc/media/catalog/product/cache/1/image/9df78eab33525d08d6e5fb8d27136e95/d/o/domaine_casabianca_rouge_bib.jpg	
domaine-pasqua-chardonnay	-	Domaine Pasqua	https://www.macave.leclerc/domaine-pasqua-chardonnay	-	https://www.macave.leclerc/media/catalog/product/cache/1/image/9df78eab33525d08d6e5fb8d27136e95/d/o/domaine_pasqua_chardonnay.jpg	
chateau-petit-boyer-2016	-	Château Petit Boyer - Cuvée Prestige	https://www.macave.leclerc/chateau-petit-boyer-2016	-	https://www.macave.leclerc/media/catalog/product/cache/1/image/9df78eab33525d08d6e5fb8d27136e95/C/H/CHATEAU_PETIT_BOYER_2015.jpg	
chateau-sainte-clotilde	-	Château Sainte Clotilde	https://www.macave.leclerc/chateau-sainte-clotilde	-	https://www.macave.leclerc/media/catalog/product/cache/1/image/9df78eab33525d08d6e5fb8d27136e95/C/H/CHATEAU_SAINTE_CLOTILDE_2014.jpg	
domaine-hamet-spay	-	Domaine Hamet-Spay	https://www.macave.leclerc/domaine-hamet-spay	-	https://www.macave.leclerc/media/catalog/product/cache/1/image/9df78eab33525d08d6e5fb8d27136e95/d/o/domaine_hamet_spay.jpg	
domaine-des-pierres-jf-trichard	-	Domaine des Pierres - JF Trichard	https://www.macave.leclerc/domaine-des-pierres-jf-trichard	-	https://www.macave.leclerc/media/catalog/product/cache/1/image/9df78eab33525d08d6e5fb8d27136e95/s/A/SAINT_AMOUR_GRAND_CRU_BEAUJOLAIS.jpg	
domaine-joly-3760181740160	-	Domaine Joly	https://www.macave.leclerc/domaine-joly-3760181740160	-	https://www.macave.leclerc/media/catalog/product/cache/1/image/9df78eab33525d08d6e5fb8d27136e95/d/o/domaine_joly_regnie.jpg	
maison-jambon-3760116763585	-	Maison Jambon	https://www.macave.leclerc/maison-jambon-3760116763585	-	https://www.macave.leclerc/media/catalog/product/cache/1/image/9df78eab33525d08d6e5fb8d27136e95/m/a/maison_jambon_moulin_a_vent.jpg	
domaine-joly-3760181740368	-	Domaine Joly	https://www.macave.leclerc/domaine-joly-3760181740368	-	https://www.macave.leclerc/media/catalog/product/cache/1/image/9df78eab33525d08d6e5fb8d27136e95/d/o/domaine_joly_julienas.jpg	
domaine-des-chizots	-	Domaine des Chizots - Vieilles Vignes	https://www.macave.leclerc/domaine-des-chizots	-	https://www.macave.leclerc/media/catalog/product/cache/1/image/9df78eab33525d08d6e5fb8d27136e95/d/o/domaine_des_chizots.jpg	
maison-jambon-3760116763554	-	Maison Jambon - L'Écluse	https://www.macave.leclerc/maison-jambon-3760116763554	-	https://www.macave.leclerc/media/catalog/product/cache/1/image/9df78eab33525d08d6e5fb8d27136e95/m/a/maison_jambon_brouilly.jpg	
vignerons-du-vieux-tinailler-2015	-	Vignerons du Vieux Tinailler - La Source	https://www.macave.leclerc/vignerons-du-vieux-tinailler-2015	-	https://www.macave.leclerc/media/catalog/product/cache/1/image/9df78eab33525d08d6e5fb8d27136e95/v/i/vignerons_du_vieux_tinailler_la_source.jpg	
domaine-des-pierres	-	Domaine des Pierres - JF Trichard	https://www.macave.leclerc/domaine-des-pierres	-	https://www.macave.leclerc/media/catalog/product/cache/1/image/9df78eab33525d08d6e5fb8d27136e95/C/H/CHENAS_GRAND_CRU_BEAUJOLAIS.jpg	
les-tours-de-pierreux	-	Les Tours de Pierreux	https://www.macave.leclerc/les-tours-de-pierreux	-	https://www.macave.leclerc/media/catalog/product/cache/1/image/9df78eab33525d08d6e5fb8d27136e95/t/i/tiyrs_de_pierreux_2015.jpg	
christophe-coquard-69	-	Christophe Coquard - 69	https://www.macave.leclerc/christophe-coquard-69	-	https://www.macave.leclerc/media/catalog/product/cache/1/image/9df78eab33525d08d6e5fb8d27136e95/C/O/COQUARD_CUVEE_69.jpg	
matthieu-de-brully	-	Matthieu de Brully	https://www.macave.leclerc/matthieu-de-brully	-	https://www.macave.leclerc/media/catalog/product/cache/1/image/9df78eab33525d08d6e5fb8d27136e95/m/a/MATHIEU_DE_BRULLY_MACON_PIERRECLOS_BLANC.jpg	
promesse-de-rabaud-promis-3770000126532	-	Promesse de Rabaud Promis	https://www.macave.leclerc/promesse-de-rabaud-promis-3770000126532	-	https://www.macave.leclerc/media/catalog/product/cache/1/image/9df78eab33525d08d6e5fb8d27136e95/p/r/promesse_rabaud_promis_2012_1.jpg	
carmes-de-rieussec-2012	-	Carmes de Rieussec	https://www.macave.leclerc/carmes-de-rieussec-2012	-	https://www.macave.leclerc/media/catalog/product/cache/1/image/9df78eab33525d08d6e5fb8d27136e95/c/a/carmes_de_rieussec_2012.jpg	
promesse-de-rabaud-promis-sauternes-3770000126525	-	Promesse de Rabaud Promis	https://www.macave.leclerc/promesse-de-rabaud-promis-sauternes-3770000126525	-	https://www.macave.leclerc/media/catalog/product/cache/1/image/9df78eab33525d08d6e5fb8d27136e95/p/r/promesse_rabaud_promis_2012.jpg	
chateau-haut-coustet	-	Château Haut Coustet	https://www.macave.leclerc/chateau-haut-coustet	-	https://www.macave.leclerc/media/catalog/product/cache/1/image/9df78eab33525d08d6e5fb8d27136e95/c/h/chateau_haut_coustet_2013.jpg	
l-abeille-de-fieuzal-blanc	-	L'Abeille de Fieuzal	https://www.macave.leclerc/l-abeille-de-fieuzal-blanc	-	https://www.macave.leclerc/media/catalog/product/cache/1/image/9df78eab33525d08d6e5fb8d27136e95/A/B/ABEILLE_DE_FIEUZAL_2013_1.jpg	
chateau-de-chantegrive-caroline	-	Château de Chantegrive - Caroline	https://www.macave.leclerc/chateau-de-chantegrive-caroline	-	https://www.macave.leclerc/media/catalog/product/cache/1/image/9df78eab33525d08d6e5fb8d27136e95/C/H/CHATEAU_CHANTEGRIVE_CAROLINE.jpg	
chateau-rauzan-despagne-reserve-2016	-	Château Rauzan Despagne - Réserve	https://www.macave.leclerc/chateau-rauzan-despagne-reserve-2016	-	https://www.macave.leclerc/media/catalog/product/cache/1/image/9df78eab33525d08d6e5fb8d27136e95/C/H/CHATEAU_RAUZAN_DESPAGNE_RESERVE_BLANC.jpg	
chateau-petit-boyer-seduction-2015	-	Château Petit Boyer - Séduction	https://www.macave.leclerc/chateau-petit-boyer-seduction-2015	-	https://www.macave.leclerc/media/catalog/product/cache/1/image/9df78eab33525d08d6e5fb8d27136e95/c/h/chateau_petit_boyer_seduction_2015.jpg	
bestheim-schlossberg	-	Bestheim - Schlossberg	https://www.macave.leclerc/bestheim-schlossberg	-	https://www.macave.leclerc/media/catalog/product/cache/1/image/9df78eab33525d08d6e5fb8d27136e95/b/e/bestheim_schlossberg_riesling.jpg	
cave-du-roi-dagobert-degustation	-	Cave du Roi Dagobert - Dégustation	https://www.macave.leclerc/cave-du-roi-dagobert-degustation	-	https://www.macave.leclerc/media/catalog/product/cache/1/image/9df78eab33525d08d6e5fb8d27136e95/c/a/cave_du_rois_dagobert.jpg	
joseph-cattin-pinot-gris	-	Joseph Cattin - Pinot  Gris	https://www.macave.leclerc/joseph-cattin-pinot-gris	-	https://www.macave.leclerc/media/catalog/product/cache/1/image/9df78eab33525d08d6e5fb8d27136e95/J/O/JOSEPH_CANTIN_PINOT_GRIS.jpg	
les-palmiers-de-galoupet	-	Les Palmiers du Galoupet	https://www.macave.leclerc/les-palmiers-de-galoupet	-	https://www.macave.leclerc/media/catalog/product/cache/1/image/9df78eab33525d08d6e5fb8d27136e95/l/e/les_palmiers_du_galoupet.jpg	
commanderie-de-peyrassol-reserve-des-templiers	-	Commanderie de Peyrassol - Réserve des Templiers	https://www.macave.leclerc/commanderie-de-peyrassol-reserve-des-templiers	-	https://www.macave.leclerc/media/catalog/product/cache/1/image/9df78eab33525d08d6e5fb8d27136e95/c/o/commanderie_peyrassol_reserve_templier_rose_2016.jpg	
m-de-madrague	-	M de Madrague	https://www.macave.leclerc/m-de-madrague	-	https://www.macave.leclerc/media/catalog/product/cache/1/image/9df78eab33525d08d6e5fb8d27136e95/m/_/m_de_madrague_cdp_rose_mil_2016.jpg	
villa-louise-cuvee-favorite	-	Villa Louise - Cuvée Favorite	https://www.macave.leclerc/villa-louise-cuvee-favorite	-	https://www.macave.leclerc/media/catalog/product/cache/1/image/9df78eab33525d08d6e5fb8d27136e95/v/i/villa_louise_-_cuvee_favorite.jpg	
le-t-de-tamary	-	Le T de Tamary	https://www.macave.leclerc/le-t-de-tamary	-	https://www.macave.leclerc/media/catalog/product/cache/1/image/9df78eab33525d08d6e5fb8d27136e95/t/_/t_de_tamary.jpg	
les-grandes-terrasses-de-tamary	-	Les Grandes Terrasses de Tamary	https://www.macave.leclerc/les-grandes-terrasses-de-tamary	-	https://www.macave.leclerc/media/catalog/product/cache/1/image/9df78eab33525d08d6e5fb8d27136e95/G/R/GRANDES_TERRASSES_TAMARY_2015.jpg	
air-de-rose-by-galoupet	-	Air de Rosé by Galoupet	https://www.macave.leclerc/air-de-rose-by-galoupet	-	https://www.macave.leclerc/media/catalog/product/cache/1/image/9df78eab33525d08d6e5fb8d27136e95/A/I/AIR_DE_ROSE_GALOUPET.jpg	
domaine-saint-jean	-	Domaine Saint Jean	https://www.macave.leclerc/domaine-saint-jean	-	https://www.macave.leclerc/media/catalog/product/cache/1/image/9df78eab33525d08d6e5fb8d27136e95/d/o/domaine_saint_jean.jpg	
domaine-rentz-muller-3497540002514	-	Domaine Rentz Muller	https://www.macave.leclerc/domaine-rentz-muller-3497540002514	-	https://www.macave.leclerc/media/catalog/product/cache/1/image/9df78eab33525d08d6e5fb8d27136e95/d/o/domaine_rentz_muller_pinot_noir.jpg	
domaine-edmond-rentz-riesling-les-comtes	-	Domaine Edmond Rentz - Les Comtes	https://www.macave.leclerc/domaine-edmond-rentz-riesling-les-comtes	-	https://www.macave.leclerc/media/catalog/product/cache/1/image/9df78eab33525d08d6e5fb8d27136e95/d/o/domaine_rentz_muller_riesling_les_comtes_2014.jpg	
d-aix-elodie	-	D'Aix Elodie	https://www.macave.leclerc/d-aix-elodie	-	https://www.macave.leclerc/media/catalog/product/cache/1/image/9df78eab33525d08d6e5fb8d27136e95/d/_/d_aix_elodie.jpg	
domaine-rentz-muller-riesling-2015	-	Domaine Rentz Muller - Grande Réserve	https://www.macave.leclerc/domaine-rentz-muller-riesling-2015	-	https://www.macave.leclerc/media/catalog/product/cache/1/image/9df78eab33525d08d6e5fb8d27136e95/d/o/domaine_rentz_muller_riesling.jpg	
air-de-rose-by-fregate	-	Air de Rosé by Frégate	https://www.macave.leclerc/air-de-rose-by-fregate	-	https://www.macave.leclerc/media/catalog/product/cache/1/image/9df78eab33525d08d6e5fb8d27136e95/a/i/air_de_rose_by_fregate.jpg	
chateau-sainte-beatrice	-	Château Sainte Béatrice - L'Instant B	https://www.macave.leclerc/chateau-sainte-beatrice	-	https://www.macave.leclerc/media/catalog/product/cache/1/image/9df78eab33525d08d6e5fb8d27136e95/C/H/CHATEAU_SAINTE_BEATRICE_INSTANT_B.jpg	
jean-luc-colombo-rossinant	-	Jean-Luc Colombo - Rossinant	https://www.macave.leclerc/jean-luc-colombo-rossinant	-	https://www.macave.leclerc/media/catalog/product/cache/1/image/9df78eab33525d08d6e5fb8d27136e95/J/E/JEAN_LUC_COLOMBO_ROSSINANT.jpg	
la-vieille-ferme-blanc-2016	-	La Vieille Ferme	https://www.macave.leclerc/la-vieille-ferme-blanc-2016	-	https://www.macave.leclerc/media/catalog/product/cache/1/image/9df78eab33525d08d6e5fb8d27136e95/c/1/c1269_perrin_et_fils_-_luberon__la_vieille_ferme_blanc__2016_1_.jpg	
domaine-de-la-cheneraie	-	Domaine de la Cheneraie	https://www.macave.leclerc/domaine-de-la-cheneraie	-	https://www.macave.leclerc/media/catalog/product/cache/1/image/9df78eab33525d08d6e5fb8d27136e95/D/O/DOMAINE_DE_LA_CHENERAIE.jpg	
domaine-rentz-muller-gewurztraminer-2015	-	Domaine Rentz Muller	https://www.macave.leclerc/domaine-rentz-muller-gewurztraminer-2015	-	https://www.macave.leclerc/media/catalog/product/cache/1/image/9df78eab33525d08d6e5fb8d27136e95/d/o/domaine_rentz_muller_gewurztraminer.jpg	
domaine-rentz-muller-gewurztraminer-2013	-	Domaine Rentz Muller	https://www.macave.leclerc/domaine-rentz-muller-gewurztraminer-2013	-	https://www.macave.leclerc/media/catalog/product/cache/1/image/9df78eab33525d08d6e5fb8d27136e95/d/o/domaine_rentz_muller_gewurztraminer_grains_nobles.jpg	
domaine-edmond-rentz-gewurztraminer-grand-cru-froehn	-	Domaine Edmond Rentz - Gewurztraminer Grand Cru Froehn	https://www.macave.leclerc/domaine-edmond-rentz-gewurztraminer-grand-cru-froehn	-	https://www.macave.leclerc/media/catalog/product/cache/1/image/9df78eab33525d08d6e5fb8d27136e95/d/o/domaine_rentz_muller_gewurztraminer_grand_cru_froehn_2014.jpg	
selection-ogier-les-dentelles-2014	-	Sélection Ogier - Les Dentelles	https://www.macave.leclerc/selection-ogier-les-dentelles-2014	-	https://www.macave.leclerc/media/catalog/product/cache/1/image/9df78eab33525d08d6e5fb8d27136e95/L/E/LES_DENTELLES_2014.jpg	
les-hauts-de-montmartel-2015	-	Les Hauts de Montmartel	https://www.macave.leclerc/les-hauts-de-montmartel-2015	-	https://www.macave.leclerc/media/catalog/product/cache/1/image/9df78eab33525d08d6e5fb8d27136e95/L/E/LES_HAUTS_MONTMARTEL_2015.jpg	
les-elegantes	-	Les Elégantes	https://www.macave.leclerc/les-elegantes	-	https://www.macave.leclerc/media/catalog/product/cache/1/image/9df78eab33525d08d6e5fb8d27136e95/L/E/LES_ELEGANTES_2015.jpg	
les-vins-de-vienne	-	Les Vins de Vienne - Les Cranilles	https://www.macave.leclerc/les-vins-de-vienne	-	https://www.macave.leclerc/media/catalog/product/cache/1/image/9df78eab33525d08d6e5fb8d27136e95/v/i/vins_de_vienne_cranilles.jpg	
vidal-fleury-les-coursieres	-	Vidal Fleury - "Les Coursières"	https://www.macave.leclerc/vidal-fleury-les-coursieres	-	https://www.macave.leclerc/media/catalog/product/cache/1/image/9df78eab33525d08d6e5fb8d27136e95/v/i/VIDAL_FLEURY_LES_COURSIERES_2013.jpg	
terres-de-garrigues	-	Terres de Garrigues	https://www.macave.leclerc/terres-de-garrigues	-	https://www.macave.leclerc/media/catalog/product/cache/1/image/9df78eab33525d08d6e5fb8d27136e95/T/E/TERRES_DE_GARRIGUES_VIEILLES_VIGNES_2015.jpg	
les-sans-marche-2014	-	Les Sans Marche	https://www.macave.leclerc/les-sans-marche-2014	-	https://www.macave.leclerc/media/catalog/product/cache/1/image/9df78eab33525d08d6e5fb8d27136e95/L/E/LES_SANS_MARCHES_2014.jpg	
domaine-courbis-2014	-	Domaine Courbis - Les Agathes	https://www.macave.leclerc/domaine-courbis-2014	-	https://www.macave.leclerc/media/catalog/product/cache/1/image/9df78eab33525d08d6e5fb8d27136e95/D/o/DOMAINE_COURBIS_LES_AGATHES_2014.jpg	
cellier-des-princes	-	Cellier des Princes	https://www.macave.leclerc/cellier-des-princes	-	https://www.macave.leclerc/media/catalog/product/cache/1/image/9df78eab33525d08d6e5fb8d27136e95/C/e/CELLIER_DES_PRINCES_2015.jpg	
domaine-la-brune-grande-ribaute-2015	-	Domaine la Brune Grande Ribauté	https://www.macave.leclerc/domaine-la-brune-grande-ribaute-2015	-	https://www.macave.leclerc/media/catalog/product/cache/1/image/9df78eab33525d08d6e5fb8d27136e95/D/o/DOMAINE_LA_BRUNE_GRANDE_RIBAUTE_2015.jpg	
famille-perrin	-	Famille Perrin - Réserve	https://www.macave.leclerc/famille-perrin	-	https://www.macave.leclerc/media/catalog/product/cache/1/image/9df78eab33525d08d6e5fb8d27136e95/f/a/FAMILLE_PERRIN_RESERVE_BLANC_2015.jpg	
m-de-minuty-2016	-	M de Minuty	https://www.macave.leclerc/m-de-minuty-2016	-	https://www.macave.leclerc/media/catalog/product/cache/1/image/9df78eab33525d08d6e5fb8d27136e95/m/_/m_de_minuty.jpg	
roseline-harmonie	-	Roseline - Harmonie	https://www.macave.leclerc/roseline-harmonie	-	https://www.macave.leclerc/media/catalog/product/cache/1/image/9df78eab33525d08d6e5fb8d27136e95/r/o/roseline_-_harmonie.jpg	
domaine-alzitella	-	Domaine Alzitella	https://www.macave.leclerc/domaine-alzitella	-	https://www.macave.leclerc/media/catalog/product/cache/1/image/9df78eab33525d08d6e5fb8d27136e95/d/o/domaine_alzitella.jpg	
cantarelle	-	Cantarelle	https://www.macave.leclerc/cantarelle	-	https://www.macave.leclerc/media/catalog/product/cache/1/image/9df78eab33525d08d6e5fb8d27136e95/c/a/cantarelle_magnum.jpg	
les-tongs	-	Les Tongs	https://www.macave.leclerc/les-tongs	-	https://www.macave.leclerc/media/catalog/product/cache/1/image/9df78eab33525d08d6e5fb8d27136e95/l/e/les_tongs.jpg	
chateau-le-tertre-3760137600364	-	Château le Tertre	https://www.macave.leclerc/chateau-le-tertre-3760137600364	-	https://www.macave.leclerc/media/catalog/product/cache/1/image/9df78eab33525d08d6e5fb8d27136e95/c/h/chateau_le_tertre_bordeaux_rose_1.jpg	
gris-by-pheeric-2014	-	Gris by Pheeric	https://www.macave.leclerc/gris-by-pheeric-2014	-	https://www.macave.leclerc/media/catalog/product/cache/1/image/9df78eab33525d08d6e5fb8d27136e95/G/R/GRIS_PHEERIC.jpg	
cantarelle-mag	-	Cantarelle	https://www.macave.leclerc/cantarelle-mag	-	https://www.macave.leclerc/media/catalog/product/cache/1/image/9df78eab33525d08d6e5fb8d27136e95/c/a/cantarelle.jpg	
chateau-peyrassol	-	Château Peyrassol	https://www.macave.leclerc/chateau-peyrassol	-	https://www.macave.leclerc/media/catalog/product/cache/1/image/9df78eab33525d08d6e5fb8d27136e95/C/H/CHATEAU_PEYRASSOL.jpg	
sainte-victoire-3760125940748	-	Sainte Victoire by Elodie	https://www.macave.leclerc/sainte-victoire-3760125940748	-	https://www.macave.leclerc/media/catalog/product/cache/1/image/9df78eab33525d08d6e5fb8d27136e95/s/a/sainte_victoire_by_elodie.jpg	
robert-cantin-les-grezes	-	Robert Cantin - Les Grèzes	https://www.macave.leclerc/robert-cantin-les-grezes	-	https://www.macave.leclerc/media/catalog/product/cache/1/image/9df78eab33525d08d6e5fb8d27136e95/r/o/robert_cantin_-_les_grezes.jpg	
domaine-rimauresq	-	Domaine Rimauresq	https://www.macave.leclerc/domaine-rimauresq	-	https://www.macave.leclerc/media/catalog/product/cache/1/image/9df78eab33525d08d6e5fb8d27136e95/D/o/DOMAINE_RIMAURESQ.jpg	
reserve-de-l-herre-rose	-	Réserve de l'Herré	https://www.macave.leclerc/reserve-de-l-herre-rose	-	https://www.macave.leclerc/media/catalog/product/cache/1/image/9df78eab33525d08d6e5fb8d27136e95/r/e/reserve_de_l_herre.jpg	
chateau-du-galoupet-2015	-	Château du Galoupet	https://www.macave.leclerc/chateau-du-galoupet-2015	-	https://www.macave.leclerc/media/catalog/product/cache/1/image/9df78eab33525d08d6e5fb8d27136e95/C/H/CHATEAU_DU_GALOUPET_EQUIPAGE.jpg	
la-commanderie-de-peyrassol	-	La Commanderie de Peyrassol	https://www.macave.leclerc/la-commanderie-de-peyrassol	-	https://www.macave.leclerc/media/catalog/product/cache/1/image/9df78eab33525d08d6e5fb8d27136e95/C/O/COMMANDERIE_DE_PEYRASSOL.jpg	
domaine-de-la-courtade-alycastre-3547030000220	-	Domaine de la Courtade Alycastre	https://www.macave.leclerc/domaine-de-la-courtade-alycastre-3547030000220	-	https://www.macave.leclerc/media/catalog/product/cache/1/image/9df78eab33525d08d6e5fb8d27136e95/D/o/DOMAINE_LA_COURTADE_ALYCASTRE_1.jpg	
domaine-casabianca-rose	-	Domaine Casabianca	https://www.macave.leclerc/domaine-casabianca-rose	-	https://www.macave.leclerc/media/catalog/product/cache/1/image/9df78eab33525d08d6e5fb8d27136e95/d/o/domaine_casabianca_rose_bib.jpg	
le-p-tit-rose	-	Domaine Ricard - Le P'Tit Rosé	https://www.macave.leclerc/le-p-tit-rose	-	https://www.macave.leclerc/media/catalog/product/cache/1/image/9df78eab33525d08d6e5fb8d27136e95/P/T/PTIT_ROSE.jpg	
l-expression-du-domaine-de-flines	-	L'expression du Domaine de Flines	https://www.macave.leclerc/l-expression-du-domaine-de-flines	-	https://www.macave.leclerc/media/catalog/product/cache/1/image/9df78eab33525d08d6e5fb8d27136e95/E/X/EXPRESSION_DU_DOMAINE_DE_FLINES_2016.jpg	
domaine-notre-dame	-	Domaine Notre Dame	https://www.macave.leclerc/domaine-notre-dame	-	https://www.macave.leclerc/media/catalog/product/cache/1/image/9df78eab33525d08d6e5fb8d27136e95/d/o/domaine_notre_dame.jpg	
mas-de-lunes-cuvee-la-pierre-du-midi-2015	-	Mas de Lunès - Cuvée la Pierre du Midi	https://www.macave.leclerc/mas-de-lunes-cuvee-la-pierre-du-midi-2015	-	https://www.macave.leclerc/media/catalog/product/cache/1/image/9df78eab33525d08d6e5fb8d27136e95/m/a/mas_de_lunes_cuvee_la_pierre_du_midi_2015.jpg	
vinus-2016	-	Vinus	https://www.macave.leclerc/vinus-2016	-	https://www.macave.leclerc/media/catalog/product/cache/1/image/9df78eab33525d08d6e5fb8d27136e95/v/i/vinus_2016.jpg	
domaine-de-l-ancienne-cure-les-grains-d-or-2014	-	Domaine de l'Ancienne Cure - Grains d'Or	https://www.macave.leclerc/domaine-de-l-ancienne-cure-les-grains-d-or-2014	-	https://www.macave.leclerc/media/catalog/product/cache/1/image/9df78eab33525d08d6e5fb8d27136e95/d/o/domaine_ancienne_cure_grains_or_2013_1.jpg	
chateau-haut-peyrous-l-atypique	-	Château Haut Peyrous  - L'Atypique	https://www.macave.leclerc/chateau-haut-peyrous-l-atypique	-	https://www.macave.leclerc/media/catalog/product/cache/1/image/9df78eab33525d08d6e5fb8d27136e95/c/h/chateau_haut_peyrous_atypique_2012.jpg	
hecht-bannier-les-estanques-2016	-	Hecht & Bannier - Les Estanques	https://www.macave.leclerc/hecht-bannier-les-estanques-2016	-	https://www.macave.leclerc/media/catalog/product/cache/1/image/9df78eab33525d08d6e5fb8d27136e95/h/e/hecht___bannier_les_estanques_2016.jpg	
domaine-philippe-bernard-2016	-	Domaine Philippe Bernard	https://www.macave.leclerc/domaine-philippe-bernard-2016	-	https://www.macave.leclerc/media/catalog/product/cache/1/image/9df78eab33525d08d6e5fb8d27136e95/d/o/domaine_philippe_bernard_2016.jpg	
domaine-f-engel-g-vt-2015	-	Domaine F. Engel - Vendanges Tardives	https://www.macave.leclerc/domaine-f-engel-g-vt-2015	-	https://www.macave.leclerc/media/catalog/product/cache/1/image/9df78eab33525d08d6e5fb8d27136e95/c/1/c1235_adivis_-_gewurztraminner_dommaine_f_engel_vendanges_tardives_2015_1.jpg	
domaine-la-negly-silicia-blanc-3850	-	Domaine La Negly - Silicia	https://www.macave.leclerc/domaine-la-negly-silicia-blanc-3850	-	https://www.macave.leclerc/media/catalog/product/cache/1/image/9df78eab33525d08d6e5fb8d27136e95/D/O/DOMAINE_LA_NEGLY_BLANC.jpg	
domaine-de-dionysos-cuvee-benjamin	-	Domaine de Dionysos - Cuvée Benjamin	https://www.macave.leclerc/domaine-de-dionysos-cuvee-benjamin	-	https://www.macave.leclerc/media/catalog/product/cache/1/image/9df78eab33525d08d6e5fb8d27136e95/d/o/domaine-de-dionysos---visuel-bouteille.jpg	
canard-duchene-parcelle-181	-	Canard-Duchêne - Parcelle 181	https://www.macave.leclerc/canard-duchene-parcelle-181	-	https://www.macave.leclerc/media/catalog/product/cache/1/image/9df78eab33525d08d6e5fb8d27136e95/c/a/canard-duch_ne-bio-parcelle-181.jpg	
la-joly-2012	-	La Joly	https://www.macave.leclerc/la-joly-2012	-	https://www.macave.leclerc/media/catalog/product/cache/1/image/9df78eab33525d08d6e5fb8d27136e95/l/a/la-joly.jpg	
domaine-les-pierres-fendues	-	Domaine Les Pierres Fendues	https://www.macave.leclerc/domaine-les-pierres-fendues	-	https://www.macave.leclerc/media/catalog/product/cache/1/image/9df78eab33525d08d6e5fb8d27136e95/d/o/domaine-les-pierres-fendues---bouteille.jpg	
jaillance-cuvee-excellence	-	Jaillance - Cuvée Excellence	https://www.macave.leclerc/jaillance-cuvee-excellence	-	https://www.macave.leclerc/media/catalog/product/cache/1/image/9df78eab33525d08d6e5fb8d27136e95/j/a/jaillance-cuv_e-excellence---bouteille.jpg	
pierre-launay-rose	-	Pierre Launay Rosé	https://www.macave.leclerc/pierre-launay-rose	-	https://www.macave.leclerc/media/catalog/product/cache/1/image/9df78eab33525d08d6e5fb8d27136e95/P/I/PIERRE_LAUNAY_ROSE.jpg	
domaine-sylvain-gaudron-2009	-	Domaine Sylvain Gaudron - La Symphonie	https://www.macave.leclerc/domaine-sylvain-gaudron-2009	-	https://www.macave.leclerc/media/catalog/product/cache/1/image/9df78eab33525d08d6e5fb8d27136e95/d/o/domaine_sylvain_gaudron_symphonie_triple_zero_1.jpg	
pierre-launay-tradition-demi-sec	-	Pierre Launay - Tradition Demi-Sec	https://www.macave.leclerc/pierre-launay-tradition-demi-sec	-	https://www.macave.leclerc/media/catalog/product/cache/1/image/9df78eab33525d08d6e5fb8d27136e95/P/I/PIERRE_LAUNAY_TRADITION_DEMI_SEC.jpg	
romain-duvernay-domaine-des-pentelines-2016	-	Romain Duvernay - Domaine des Pentelines	https://www.macave.leclerc/romain-duvernay-domaine-des-pentelines-2016	-	https://www.macave.leclerc/media/catalog/product/cache/1/image/9df78eab33525d08d6e5fb8d27136e95/d/o/domaine_des_pentelines_2016.jpg	
hommage-du-rhone	-	Hommage du Rhône - Vacqueyras	https://www.macave.leclerc/hommage-du-rhone	-	https://www.macave.leclerc/media/catalog/product/cache/1/image/9df78eab33525d08d6e5fb8d27136e95/H/O/HOMMAGE_DU_RHONE_2016.jpg	
domaine-de-fontavin-terres-d-ancetres	-	Domaine de Fontavin - Terres d'Ancetres	https://www.macave.leclerc/domaine-de-fontavin-terres-d-ancetres	-	https://www.macave.leclerc/media/catalog/product/cache/1/image/9df78eab33525d08d6e5fb8d27136e95/D/o/DOMAINE_DE_FONTAVIN_2015.jpg	
domaine-des-frogeres-les-clos-forenes	-	Domaine des Frogères - Les Clos Forenes	https://www.macave.leclerc/domaine-des-frogeres-les-clos-forenes	-	https://www.macave.leclerc/media/catalog/product/cache/1/image/9df78eab33525d08d6e5fb8d27136e95/C/l/CLOS_FORENES_2015.jpg	
chateau-de-malleret-2015	-	Château de Malleret	https://www.macave.leclerc/chateau-de-malleret-2015	-	https://www.macave.leclerc/media/catalog/product/cache/1/image/9df78eab33525d08d6e5fb8d27136e95/C/H/CHATEAU_DE_MALLERET_1_1.jpg	
chateau-vermont-reserve-2016	-	Château Vermont - Réserve	https://www.macave.leclerc/chateau-vermont-reserve-2016	-	https://www.macave.leclerc/media/catalog/product/cache/1/image/9df78eab33525d08d6e5fb8d27136e95/i/_/i_1213_terroir_traditions_et_crus_-_bordeaux_superieur__chateau_vermont__2016_1_.jpg	
la-rougeante-2016	-	La Rougeante	https://www.macave.leclerc/la-rougeante-2016	-	https://www.macave.leclerc/media/catalog/product/cache/1/image/9df78eab33525d08d6e5fb8d27136e95/l/a/la_rougeante_2015_1.jpg	
chateau-rigaud-2015	-	Château Rigaud	https://www.macave.leclerc/chateau-rigaud-2015	-	https://www.macave.leclerc/media/catalog/product/cache/1/image/9df78eab33525d08d6e5fb8d27136e95/i/_/i_1206_select_vins_-_faugeres__chateau_rigaud__2015_1_.jpg	
la-croix-du-chateau-feret-lambert-2015	-	La Croix du Château Feret-Lambert	https://www.macave.leclerc/la-croix-du-chateau-feret-lambert-2015	-	https://www.macave.leclerc/media/catalog/product/cache/1/image/9df78eab33525d08d6e5fb8d27136e95/i/_/i_1203_salin_-_bordeaux_superieur__la_croix_du_chateau_feret_lambert__2015_1_.jpg	
sebastien-roux-mercurey-2016	-	Sébastien Roux	https://www.macave.leclerc/sebastien-roux-mercurey-2016	-	https://www.macave.leclerc/media/catalog/product/cache/1/image/9df78eab33525d08d6e5fb8d27136e95/i/_/i_1199_roux_pere_et_fils_-_mercurey.jpg	
romain-duvernay-domaine-de-cabane-2016	-	Romain Duvernay - Domaine de Cabane	https://www.macave.leclerc/romain-duvernay-domaine-de-cabane-2016	-	https://www.macave.leclerc/media/catalog/product/cache/1/image/9df78eab33525d08d6e5fb8d27136e95/c/1/c1267_newrhone_millesimes_-_cotes_du_rhone_villages_s_guret__romain_duvernay__2016_1_.jpg	
romain-duvernay-beaumes-de-venise-2016	-	Romain Duvernay	https://www.macave.leclerc/romain-duvernay-beaumes-de-venise-2016	-	https://www.macave.leclerc/media/catalog/product/cache/1/image/9df78eab33525d08d6e5fb8d27136e95/i/_/i_1169_newrhone_millesimes__-_beaumes_de_venise__romain_duvernay__2016_1_.jpg	
domaine-de-la-perruche-le-chaumont-2016	-	Domaine de la Perruche - Le Chaumont	https://www.macave.leclerc/domaine-de-la-perruche-le-chaumont-2016	-	https://www.macave.leclerc/media/catalog/product/cache/1/image/9df78eab33525d08d6e5fb8d27136e95/i/_/i_1167_meilleurs_terroirs_-_saumur_champigny__domaine_de_la_perruche_chaumont__2016_1_.jpg	
chateau-de-malvies-cuvee-terroir-2016	-	Château de Malviès - Cuvée Terroir	https://www.macave.leclerc/chateau-de-malvies-cuvee-terroir-2016	-	https://www.macave.leclerc/media/catalog/product/cache/1/image/9df78eab33525d08d6e5fb8d27136e95/i/_/i_1156_marc_besseau_-_malep_re__ch_teau_malvi_s__2016_1_.jpg	
domaine-des-tournons-vieilles-vignes-2016	-	Domaine des Tournons - Vieilles Vignes	https://www.macave.leclerc/domaine-des-tournons-vieilles-vignes-2016	-	https://www.macave.leclerc/media/catalog/product/cache/1/image/9df78eab33525d08d6e5fb8d27136e95/i/_/i_1153_marc_besseau_-_m_con_villages__domaine_des_tournons_vieilles_vignes__2016_1_.jpg	
arnaud-aucoeur-vieilles-vignes-2016	-	Arnaud Aucoeur - Côte du Py Vieilles Vignes	https://www.macave.leclerc/arnaud-aucoeur-vieilles-vignes-2016	-	https://www.macave.leclerc/media/catalog/product/cache/1/image/9df78eab33525d08d6e5fb8d27136e95/a/r/arnaud_aucoeur_vieilles_vignes_2.jpg	
marc-rougeot-dupin-dames-huguettes-2015	-	Marc Rougeot Dupin - Dames Huguettes	https://www.macave.leclerc/marc-rougeot-dupin-dames-huguettes-2015	-	https://www.macave.leclerc/media/catalog/product/cache/1/image/9df78eab33525d08d6e5fb8d27136e95/m/a/MARC_ROUGEOT_DUPIN_VILLAGE_1.jpg	
romain-duvernay-cairanne-2016	-	Romain Duvernay	https://www.macave.leclerc/romain-duvernay-cairanne-2016	-	https://www.macave.leclerc/media/catalog/product/cache/1/image/9df78eab33525d08d6e5fb8d27136e95/r/o/romain-duvernay-cdr-villages-cairanne-2016.jpg	
domaine-matray-les-terres-bleues-2016	-	Domaine Matray - Les Terres Bleues	https://www.macave.leclerc/domaine-matray-les-terres-bleues-2016	-	https://www.macave.leclerc/media/catalog/product/cache/1/image/9df78eab33525d08d6e5fb8d27136e95/i/_/i_1148_marc_besseau_-_c_tes_de_brouilly__domaine_matray_les_terres_bleues__2016_1_.jpg	
chateau-la-reyne-grande-reserve-2014	-	Château La Reyne - Grande Réserve	https://www.macave.leclerc/chateau-la-reyne-grande-reserve-2014	-	https://www.macave.leclerc/media/catalog/product/cache/1/image/9df78eab33525d08d6e5fb8d27136e95/C/H/CHATEAU_LA_REYNE_2014.jpg	
romain-duvernay-2015	-	Romain Duvernay	https://www.macave.leclerc/romain-duvernay-2015	-	https://www.macave.leclerc/media/catalog/product/cache/1/image/9df78eab33525d08d6e5fb8d27136e95/c/d/cdrv_romain_duvernay_2015.jpg	
chateau-d-aurilhac	-	Château d'Aurilhac	https://www.macave.leclerc/chateau-d-aurilhac	-	https://www.macave.leclerc/media/catalog/product/cache/1/image/9df78eab33525d08d6e5fb8d27136e95/C/H/CHATEAU_AURILHAC_2012.jpg	
chateau-belgrave-2011	-	Château Belgrave	https://www.macave.leclerc/chateau-belgrave-2011	-	https://www.macave.leclerc/media/catalog/product/cache/1/image/9df78eab33525d08d6e5fb8d27136e95/C/H/CHATEAU_BELGRAVE.jpg	
le-haut-medoc-de-pedesclaux-2009	-	Le Haut-Médoc De Pédesclaux	https://www.macave.leclerc/le-haut-medoc-de-pedesclaux-2009	-	https://www.macave.leclerc/media/catalog/product/cache/1/image/9df78eab33525d08d6e5fb8d27136e95/H/A/HAUT_MEDOC_DE_PEDESCLAUX_1.jpg	
chateau-fontenil	-	Château Fontenil	https://www.macave.leclerc/chateau-fontenil	-	https://www.macave.leclerc/media/catalog/product/cache/1/image/9df78eab33525d08d6e5fb8d27136e95/C/H/CHATEAU_FONTENIL.jpg	
chateau-guibonnet-2015	-	Château Guibonnet	https://www.macave.leclerc/chateau-guibonnet-2015	-	https://www.macave.leclerc/media/catalog/product/cache/1/image/9df78eab33525d08d6e5fb8d27136e95/C/H/CHATEAU_GUIBONNET.jpg	
chateau-plaisance-cuvee-alix	-	Château Plaisance - Cuvée Alix	https://www.macave.leclerc/chateau-plaisance-cuvee-alix	-	https://www.macave.leclerc/media/catalog/product/cache/1/image/9df78eab33525d08d6e5fb8d27136e95/C/H/CHATEAU_PLAISANCE_2012.jpg	
chateau-les-eyraux-2014	-	Château Les Eyraux	https://www.macave.leclerc/chateau-les-eyraux-2014	-	https://www.macave.leclerc/media/catalog/product/cache/1/image/9df78eab33525d08d6e5fb8d27136e95/C/H/CHATEAU_LES_EYRAUX_2014.jpg	
les-lions-de-petit-boyer	-	Les Lions de Petit Boyer	https://www.macave.leclerc/les-lions-de-petit-boyer	-	https://www.macave.leclerc/media/catalog/product/cache/1/image/9df78eab33525d08d6e5fb8d27136e95/l/e/les_lions_chateau_petit_boyer_bib.jpg	
chateau-calet	-	Château Calet	https://www.macave.leclerc/chateau-calet	-	https://www.macave.leclerc/media/catalog/product/cache/1/image/9df78eab33525d08d6e5fb8d27136e95/C/H/CHATEAU_CALET_2009.jpg	
chateau-le-grand-fort	-	Château Le Grand Fort	https://www.macave.leclerc/chateau-le-grand-fort	-	https://www.macave.leclerc/media/catalog/product/cache/1/image/9df78eab33525d08d6e5fb8d27136e95/C/H/CHATEAU_LE_GRAND_FORT_2015.jpg	
chateau-haut-bommes	-	Château Haut Bommes	https://www.macave.leclerc/chateau-haut-bommes	-	https://www.macave.leclerc/media/catalog/product/cache/1/image/9df78eab33525d08d6e5fb8d27136e95/C/H/CHATEAU_HAUT_BOMMES_2009.jpg	
thomas-collonge	-	Thomas Collonge	https://www.macave.leclerc/thomas-collonge	-	https://www.macave.leclerc/media/catalog/product/cache/1/image/9df78eab33525d08d6e5fb8d27136e95/T/H/THOMAS_COLLONGE_MORGON.jpg	
les-comtes-de-ribeauville-riesling-2016	-	Les Comtes de Ribeauvillé	https://www.macave.leclerc/les-comtes-de-ribeauville-riesling-2016	-	https://www.macave.leclerc/media/catalog/product/cache/1/image/9df78eab33525d08d6e5fb8d27136e95/L/E/LES_COMTES_DE_RIBEAUVILLE_RISELING.jpg	
domaine-f-engel-2013	-	Domaine F. Engel - Terre et Passion	https://www.macave.leclerc/domaine-f-engel-2013	-	https://www.macave.leclerc/media/catalog/product/cache/1/image/9df78eab33525d08d6e5fb8d27136e95/d/o/domaine_f_engel.jpg	
cave-du-roi-dagobert-pinot-gris-2015	-	Cave du Roi Dagobert - Dégustation	https://www.macave.leclerc/cave-du-roi-dagobert-pinot-gris-2015	-	https://www.macave.leclerc/media/catalog/product/cache/1/image/9df78eab33525d08d6e5fb8d27136e95/C/A/CAVE_DU_ROI_DAGOBERT.jpg	
les-comtes-de-ribeauville-blanc-moelleux-2016	-	Les Comtes de Ribeauvillé	https://www.macave.leclerc/les-comtes-de-ribeauville-blanc-moelleux-2016	-	https://www.macave.leclerc/media/catalog/product/cache/1/image/9df78eab33525d08d6e5fb8d27136e95/L/E/LES_COMTES_DE_RIBEAUVILLE_GEWURZTRAMINER.jpg	
chateau-baret-2015	-	Château Baret	https://www.macave.leclerc/chateau-baret-2015	-	https://www.macave.leclerc/media/catalog/product/cache/1/image/9df78eab33525d08d6e5fb8d27136e95/c/h/chateau_baret_2015.jpg	
hedo	-	Hédo	https://www.macave.leclerc/hedo	-	https://www.macave.leclerc/media/catalog/product/cache/1/image/9df78eab33525d08d6e5fb8d27136e95/H/E/HEDO_ROSE.jpg	
lanson-ivory-label	-	Lanson Ivroy Label Demi-Sec	https://www.macave.leclerc/lanson-ivory-label	-	https://www.macave.leclerc/media/catalog/product/cache/1/image/9df78eab33525d08d6e5fb8d27136e95/l/a/lanson-ivory---bouteille.jpg	
aguila-demi-sec	-	Aguila - Rosé	https://www.macave.leclerc/aguila-demi-sec	-	https://www.macave.leclerc/media/catalog/product/cache/1/image/9df78eab33525d08d6e5fb8d27136e95/a/g/aguila-ros_---bouteille_1.jpg	
nicolas-feuillatte-grande-reserve-magnum	-	Nicolas Feuillatte Grande Réserve	https://www.macave.leclerc/nicolas-feuillatte-grande-reserve-magnum	-	https://www.macave.leclerc/media/catalog/product/cache/1/image/9df78eab33525d08d6e5fb8d27136e95/n/i/nicolas-feuillatte-grande-r_serve---magnum.jpg	
g-h-mumm-le-rose	-	G.H Mumm - Le Rosé	https://www.macave.leclerc/g-h-mumm-le-rose	-	https://www.macave.leclerc/media/catalog/product/cache/1/image/9df78eab33525d08d6e5fb8d27136e95/m/u/mumm-ros_---bouteille.jpg	
chateau-pape-clement-3663515983923	-	Château Pape Clément	https://www.macave.leclerc/chateau-pape-clement-3663515983923	-	https://www.macave.leclerc/media/catalog/product/cache/1/image/9df78eab33525d08d6e5fb8d27136e95/c/h/chateau_pape_clement_-_2012_1.jpg	
nouveautes-vente-privee	-	#	https://www.macave.leclerc/nouveautes-vente-privee	-	#	
les-lions-du-chateau-petit-boyer-3971	-	Les Lions du Château Petit Boyer	https://www.macave.leclerc/les-lions-du-chateau-petit-boyer-3971	-	https://www.macave.leclerc/media/catalog/product/cache/1/image/9df78eab33525d08d6e5fb8d27136e95/l/e/les_lions.jpg	
	-	#	https://www.macave.leclerc/guide-vin/	-	#	
vins	-	#	https://www.macave.leclerc/vins	-	#	
ventes-privees	-	#	https://www.macave.leclerc/ventes-privees	-	#	
les-vins-d-hiver	-	#	https://www.macave.leclerc/les-vins-d-hiver	-	#	
champagnes	-	#	https://www.macave.leclerc/champagnes	-	#	
les-vins-du-guide-hachette	-	#	https://www.macave.leclerc/les-vins-du-guide-hachette	-	#	
domaine-martin-robert-et-damien	-	Domaine Martin Robert et Damien	https://www.macave.leclerc/domaine-martin-robert-et-damien	-	https://www.macave.leclerc/media/catalog/product/cache/1/image/9df78eab33525d08d6e5fb8d27136e95/D/o/DOMAINE_MARTIN_ROBERT_SAINT_VERAN.jpg	
domaine-de-mauperthuis-petit-chablis	-	Domaine de Mauperthuis	https://www.macave.leclerc/domaine-de-mauperthuis-petit-chablis	-	https://www.macave.leclerc/media/catalog/product/cache/1/image/9df78eab33525d08d6e5fb8d27136e95/D/o/DOMAINE_MAUPERTHUIS_PETIT_CHABLIS.jpg	
spiritueux	-	#	https://www.macave.leclerc/spiritueux	-	#	
pierre-brisset-les-noirots	-	Pierre Brisset - Les Noirots	https://www.macave.leclerc/pierre-brisset-les-noirots	-	https://www.macave.leclerc/media/catalog/product/cache/1/image/9df78eab33525d08d6e5fb8d27136e95/p/i/pierre-brisset---les-noirots-2015-bouteille.jpg	
cave-du-roi-dagobert-racines-2016	-	Cave du Roi Dagobert - Racines & Terroirs	https://www.macave.leclerc/cave-du-roi-dagobert-racines-2016	-	https://www.macave.leclerc/media/catalog/product/cache/1/image/9df78eab33525d08d6e5fb8d27136e95/c/a/cave_du_rois_dagobert_1.jpg	
hubert-rouqille-2016	-	Marestel Hubert Rouquille	https://www.macave.leclerc/hubert-rouqille-2016	-	https://www.macave.leclerc/media/catalog/product/cache/1/image/9df78eab33525d08d6e5fb8d27136e95/m/a/marestel-hubert-rouquille---visuel-bouteille.jpg	
le-haras-de-maison-laffitte	-	Le Haras de Maisons-Laffitte	https://www.macave.leclerc/le-haras-de-maison-laffitte	-	https://www.macave.leclerc/media/catalog/product/cache/1/image/9df78eab33525d08d6e5fb8d27136e95/l/e/le-haras-de-maisons-laffitte-2012---bouteille.jpg	
vignerons-des-terroirs-de-savoie-apremont	-	Vignerons des Terroirs de Savoie - Apremont	https://www.macave.leclerc/vignerons-des-terroirs-de-savoie-apremont	-	https://www.macave.leclerc/media/catalog/product/cache/1/image/9df78eab33525d08d6e5fb8d27136e95/v/i/vignerons-des-terroirs-de-savoie-apremont---visuel-bouteille.jpg	
filliatreau-les-bouts-de-vincent-2015	-	Domaine Filliatreau - Les Bouts de Vincent	https://www.macave.leclerc/filliatreau-les-bouts-de-vincent-2015	-	https://www.macave.leclerc/media/catalog/product/cache/1/image/9df78eab33525d08d6e5fb8d27136e95/D/O/DOMAINE_FILLIATREAU.jpg	
chateau-perenne	-	Château Perenne	https://www.macave.leclerc/chateau-perenne	-	https://www.macave.leclerc/media/catalog/product/cache/1/image/9df78eab33525d08d6e5fb8d27136e95/C/H/CHATEAU_PERENNE_2014.jpg	
chateau-rauzan-despagne-reserve-2014	-	Château Rauzan Despagne - Réserve	https://www.macave.leclerc/chateau-rauzan-despagne-reserve-2014	-	https://www.macave.leclerc/media/catalog/product/cache/1/image/9df78eab33525d08d6e5fb8d27136e95/C/H/CHATEAU_RAUZAN_DESPAGNE_RESERVE_ROUGE.jpg	
chateau-de-camensac-2012	-	Château de Camensac	https://www.macave.leclerc/chateau-de-camensac-2012	-	https://www.macave.leclerc/media/catalog/product/cache/1/image/9df78eab33525d08d6e5fb8d27136e95/c/h/chateau_de_camensac_-_2012_1.jpg	
diplomatico-reserva-exclusiva	-	Diplomatico - Reserva Exclusiva	https://www.macave.leclerc/diplomatico-reserva-exclusiva	-	https://www.macave.leclerc/media/catalog/product/cache/1/image/9df78eab33525d08d6e5fb8d27136e95/d/i/diplomatico-reserva-exclusiva-70cl.jpg	
glenfiddich-15-ans	-	Glenfiddich Solera Reserve - Single Malt	https://www.macave.leclerc/glenfiddich-15-ans	-	https://www.macave.leclerc/media/catalog/product/cache/1/image/9df78eab33525d08d6e5fb8d27136e95/r/e/ref-1280-glenfiddich-15ans-solera-70cl-_-coffret-cuivre-ri-15_.jpg	
the-deveron-10-ans	-	The Deveron - Highland Single Malt	https://www.macave.leclerc/the-deveron-10-ans	-	https://www.macave.leclerc/media/catalog/product/cache/1/image/9df78eab33525d08d6e5fb8d27136e95/r/e/ref_1245-the-deveron-10-ans-70cl---40_-_-coffret.jpg	
the-deveron-12-ans	-	The Deveron - Highland Single Malt	https://www.macave.leclerc/the-deveron-12-ans	-	https://www.macave.leclerc/media/catalog/product/cache/1/image/9df78eab33525d08d6e5fb8d27136e95/r/e/ref_1246-the-deveron-12-ans-70cl---40_.jpg	
william-lawsons-70cl	-	William Lawson's	https://www.macave.leclerc/william-lawsons-70cl	-	https://www.macave.leclerc/media/catalog/product/cache/1/image/9df78eab33525d08d6e5fb8d27136e95/r/e/ref_1244-william-lawson_s-70cl---40_---new-pack.jpg	
dewars-12-ans	-	Dewar's - The Ancestor	https://www.macave.leclerc/dewars-12-ans	-	https://www.macave.leclerc/media/catalog/product/cache/1/image/9df78eab33525d08d6e5fb8d27136e95/r/e/ref_1243-dewars_-12-ans-70cl-40_-_-canister---new-pack---1.jpg	
bacardi-8-ans	-	Bacardi - Gran Reserva	https://www.macave.leclerc/bacardi-8-ans	-	https://www.macave.leclerc/media/catalog/product/cache/1/image/9df78eab33525d08d6e5fb8d27136e95/r/e/ref_1241-bacardi-8-a_os-70cl---40_-_--coffret.jpg	
tullamore-dew-phoenix	-	Tullamore Dew - Phoenix	https://www.macave.leclerc/tullamore-dew-phoenix	-	https://www.macave.leclerc/media/catalog/product/cache/1/image/9df78eab33525d08d6e5fb8d27136e95/r/e/ref-1532---tullamore-dew-phoenix.jpg	
glenfiddich-ipa-experiment	-	Glenfiddich IPA Experiment - Single Malt	https://www.macave.leclerc/glenfiddich-ipa-experiment	-	https://www.macave.leclerc/media/catalog/product/cache/1/image/9df78eab33525d08d6e5fb8d27136e95/r/e/ref-1281-glenfiddich-ipa-43_-70cl-_-_tui.jpg	
monkey-shoulder-70cl	-	Monkey Shoulder	https://www.macave.leclerc/monkey-shoulder-70cl	-	https://www.macave.leclerc/media/catalog/product/cache/1/image/9df78eab33525d08d6e5fb8d27136e95/r/e/ref-1283-monkey-shoulder-black-cage-face.jpg	
the-famous-grouse-portwood	-	The Famous Grouse - Portwood Cask Finish	https://www.macave.leclerc/the-famous-grouse-portwood	-	https://www.macave.leclerc/media/catalog/product/cache/1/image/9df78eab33525d08d6e5fb8d27136e95/r/e/ref-1530---5010314025304-tfg-portwood-70cl.jpg	
the-famous-grouse-smoky-black	-	The Famous Grouse - Smoky Black	https://www.macave.leclerc/the-famous-grouse-smoky-black	-	https://www.macave.leclerc/media/catalog/product/cache/1/image/9df78eab33525d08d6e5fb8d27136e95/r/e/ref-1531---5010314302504-tfg-smoky-black-40_-70cl.jpg	
grants-family-reserve	-	Grant's Family Reserve + 1 Verre Offert	https://www.macave.leclerc/grants-family-reserve	-	https://www.macave.leclerc/media/catalog/product/cache/1/image/9df78eab33525d08d6e5fb8d27136e95/r/e/ref-1284---grants-fam-res-_-verre-40_-6x1l.jpg	
grants-signature	-	Grant's Signature	https://www.macave.leclerc/grants-signature	-	https://www.macave.leclerc/media/catalog/product/cache/1/image/9df78eab33525d08d6e5fb8d27136e95/r/e/ref-1285---pack-fa-grants-signature-0.70l.jpg	
grants-smoky	-	Grant's Smoky	https://www.macave.leclerc/grants-smoky	-	https://www.macave.leclerc/media/catalog/product/cache/1/image/9df78eab33525d08d6e5fb8d27136e95/r/e/ref-1528---5010327605227-grant_s-smoky-70-cl_-40_.jpg	
monkey-shoulder-450cl	-	Monkey Shoulder	https://www.macave.leclerc/monkey-shoulder-450cl	-	https://www.macave.leclerc/media/catalog/product/cache/1/image/9df78eab33525d08d6e5fb8d27136e95/r/e/ref-1529---monkey-shoulder-4.5l---125599---visuel-face-_2__1.jpg	
glenfiddich-12-ans	-	Glenfiddich Our Signature Malt - Single Malt	https://www.macave.leclerc/glenfiddich-12-ans	-	https://www.macave.leclerc/media/catalog/product/cache/1/image/9df78eab33525d08d6e5fb8d27136e95/r/e/ref-1279--glenfiddich-special-reserve-12ans-40_-70cl.jpg	
aberfeldy-12-ans	-	Aberfeldy - Highland Single Malt	https://www.macave.leclerc/aberfeldy-12-ans	-	https://www.macave.leclerc/media/catalog/product/cache/1/image/9df78eab33525d08d6e5fb8d27136e95/r/e/ref_1242-aberfeldy-12-ans-70cl---40_-_-canister.jpg	
chateau-giscours-2011	-	Château Giscours	https://www.macave.leclerc/chateau-giscours-2011	-	https://www.macave.leclerc/media/catalog/product/cache/1/image/9df78eab33525d08d6e5fb8d27136e95/c/h/chateau-giscours-1.jpg	
chateau-bertin-2015	-	Château Bertin - Cuvée Prestige	https://www.macave.leclerc/chateau-bertin-2015	-	https://www.macave.leclerc/media/catalog/product/cache/1/image/9df78eab33525d08d6e5fb8d27136e95/C/H/CHATEAU_BERTIN_1_1.jpg	
chateau-pichon-longueville-baron-2011	-	Château Pichon-Longueville Baron	https://www.macave.leclerc/chateau-pichon-longueville-baron-2011	-	https://www.macave.leclerc/media/catalog/product/cache/1/image/9df78eab33525d08d6e5fb8d27136e95/p/i/pichon-baron-ss-mill.jpg	
chateau-olivier-2009	-	Château Olivier	https://www.macave.leclerc/chateau-olivier-2009	-	https://www.macave.leclerc/media/catalog/product/cache/1/image/9df78eab33525d08d6e5fb8d27136e95/v/i/visuel---chateau-olivier-2009.jpg	
chateau-pape-clement-2012	-	Château Pape Clément	https://www.macave.leclerc/chateau-pape-clement-2012	-	https://www.macave.leclerc/media/catalog/product/cache/1/image/9df78eab33525d08d6e5fb8d27136e95/c/h/chateau_pape_clement_-_2012_1.jpg	
chateau-la-dominique-2011	-	Château La Dominique	https://www.macave.leclerc/chateau-la-dominique-2011	-	https://www.macave.leclerc/media/catalog/product/cache/1/image/9df78eab33525d08d6e5fb8d27136e95/v/i/visuel---chateau-la-dominique-2011.jpg	
chateau-montrose-2012	-	Château Montrose	https://www.macave.leclerc/chateau-montrose-2012	-	https://www.macave.leclerc/media/catalog/product/cache/1/image/9df78eab33525d08d6e5fb8d27136e95/m/o/montrose-sans-mill.jpg	
chateau-leoville-poyferre-2011	-	Château Léoville Poyferré	https://www.macave.leclerc/chateau-leoville-poyferre-2011	-	https://www.macave.leclerc/media/catalog/product/cache/1/image/9df78eab33525d08d6e5fb8d27136e95/v/i/visuel---chateau-leoville-poyferre-2011.jpg	
chateau-lagrange-2011	-	Château Lagrange	https://www.macave.leclerc/chateau-lagrange-2011	-	https://www.macave.leclerc/media/catalog/product/cache/1/image/9df78eab33525d08d6e5fb8d27136e95/v/i/visuel---chateau-lagrange-sans-mill.jpg	
famille-brocard-chablis-premier-cru-2015	-	Famille Brocard - Chablis Premier Cru	https://www.macave.leclerc/famille-brocard-chablis-premier-cru-2015	-	https://www.macave.leclerc/media/catalog/product/cache/1/image/9df78eab33525d08d6e5fb8d27136e95/f/a/famille_brochard_mont_milieu_2015.jpg	
chateau-de-rouquette-2013	-	Château de Rouquette	https://www.macave.leclerc/chateau-de-rouquette-2013	-	https://www.macave.leclerc/media/catalog/product/cache/1/image/9df78eab33525d08d6e5fb8d27136e95/c/h/chateau-de-rouquette-2013.jpg	
chateau-lynch-bages-2012	-	Château Lynch Bages	https://www.macave.leclerc/chateau-lynch-bages-2012	-	https://www.macave.leclerc/media/catalog/product/cache/1/image/9df78eab33525d08d6e5fb8d27136e95/l/y/lynch-bages-ss-mill-comp.jpg	
domaine-des-ophrys-2016	-	Domaine des Ophrys - Apremont	https://www.macave.leclerc/domaine-des-ophrys-2016	-	https://www.macave.leclerc/media/catalog/product/cache/1/image/9df78eab33525d08d6e5fb8d27136e95/d/o/domaine-des-ophrys---bouteille.jpg	
apremont-tradition	-	Apremont - Tradition	https://www.macave.leclerc/apremont-tradition	-	https://www.macave.leclerc/media/catalog/product/cache/1/image/9df78eab33525d08d6e5fb8d27136e95/a/p/apremont-tradition---bouteille.jpg	
vmv-viognier-chardonnay	-	VMV Viognier-Chardonnay	https://www.macave.leclerc/vmv-viognier-chardonnay	-	https://www.macave.leclerc/media/catalog/product/cache/1/image/9df78eab33525d08d6e5fb8d27136e95/v/i/viognier-chardonnaybd.jpg	
vmv-viognier	-	VMV Viognier	https://www.macave.leclerc/vmv-viognier	-	https://www.macave.leclerc/media/catalog/product/cache/1/image/9df78eab33525d08d6e5fb8d27136e95/v/i/viognier-gd.jpg	
chateau-haut-brion-2011	-	Château Haut-Brion	https://www.macave.leclerc/chateau-haut-brion-2011	-	https://www.macave.leclerc/media/catalog/product/cache/1/image/9df78eab33525d08d6e5fb8d27136e95/v/i/visuel--chateau-haut-brion-2011.jpg	
vmv-elite	-	VMV Elite	https://www.macave.leclerc/vmv-elite	-	https://www.macave.leclerc/media/catalog/product/cache/1/image/9df78eab33525d08d6e5fb8d27136e95/v/m/vmv-elitebd.jpg	
dom-balaquere	-	Dom Balaquere	https://www.macave.leclerc/dom-balaquere	-	https://www.macave.leclerc/media/catalog/product/cache/1/image/9df78eab33525d08d6e5fb8d27136e95/d/b/db.jpg	
altitude-400	-	Altitude 400	https://www.macave.leclerc/altitude-400	-	https://www.macave.leclerc/media/catalog/product/cache/1/image/9df78eab33525d08d6e5fb8d27136e95/A/L/ALTITUDE_400_1.jpg	
wolfberger-pinot-gris-vieilles-vignes-2016	-	Wolfberger - Pinot Gris Vieilles Vignes	https://www.macave.leclerc/wolfberger-pinot-gris-vieilles-vignes-2016	-	https://www.macave.leclerc/media/catalog/product/cache/1/image/9df78eab33525d08d6e5fb8d27136e95/w/o/wolberger_vieilles_vignes_2016.jpg	
joseph-beck-sylvaner-2016	-	Joseph Beck	https://www.macave.leclerc/joseph-beck-sylvaner-2016	-	https://www.macave.leclerc/media/catalog/product/cache/1/image/9df78eab33525d08d6e5fb8d27136e95/c/1/c1271_pgs_-_sylvaner__joseph_beck__2016_1_.jpg	
albert-schoech-pinot-noir-2016	-	Albert Schoech - Réserve	https://www.macave.leclerc/albert-schoech-pinot-noir-2016	-	https://www.macave.leclerc/media/catalog/product/cache/1/image/9df78eab33525d08d6e5fb8d27136e95/c/1/c1274_schoech_albert_-_alsace_pinot_noir.jpg	
wolfberger-pinot-gris-rangen-2013	-	Wolfberger - Rangen	https://www.macave.leclerc/wolfberger-pinot-gris-rangen-2013	-	https://www.macave.leclerc/media/catalog/product/cache/1/image/9df78eab33525d08d6e5fb8d27136e95/c/1/c1284_wolberger_-_alsace_grand_cru_pinot_gris_rangen__wolberger__2016_1_.jpg	
arthur-metz-cuvee-1904	-	Arthur Metz - Cuvée 1904	https://www.macave.leclerc/arthur-metz-cuvee-1904	-	https://www.macave.leclerc/media/catalog/product/cache/1/image/9df78eab33525d08d6e5fb8d27136e95/a/r/arthur-metz-cuv_e-1904---bouteille.jpg	
wolfberger-brut	-	Wolfberger - Brut	https://www.macave.leclerc/wolfberger-brut	-	https://www.macave.leclerc/media/catalog/product/cache/1/image/9df78eab33525d08d6e5fb8d27136e95/w/o/wolfberger-brut---bouteille.jpg	
wolfberger-demi-sec	-	Wolfberger - Demi-Sec	https://www.macave.leclerc/wolfberger-demi-sec	-	https://www.macave.leclerc/media/catalog/product/cache/1/image/9df78eab33525d08d6e5fb8d27136e95/w/o/wolfberger-demi-sec---bouteille.jpg	
wolfberger-le-millesime-2014	-	Wolfberger - Le Millésimé	https://www.macave.leclerc/wolfberger-le-millesime-2014	-	https://www.macave.leclerc/media/catalog/product/cache/1/image/9df78eab33525d08d6e5fb8d27136e95/c/r/crement_wolfberger_le_millesime_2014.jpg	
georges-duboeuf-brouilly-2015	-	Georges Duboeuf - Grume d'Or	https://www.macave.leclerc/georges-duboeuf-brouilly-2015	-	https://www.macave.leclerc/media/catalog/product/cache/1/image/9df78eab33525d08d6e5fb8d27136e95/b/r/brouilly-2015-grume-d_or-ma-cave-leclerc.jpg	
georges-duboeuf-montchoisy	-	Georges Duboeuf - Montchoisy	https://www.macave.leclerc/georges-duboeuf-montchoisy	-	https://www.macave.leclerc/media/catalog/product/cache/1/image/9df78eab33525d08d6e5fb8d27136e95/m/o/morgon_montchoisy_2015.jpg	
georges-duboeuf-beaujolais-villages-primeur-2017	-	Georges Duboeuf - Beaujolais Villages Nouveau	https://www.macave.leclerc/georges-duboeuf-beaujolais-villages-primeur-2017	-	https://www.macave.leclerc/media/catalog/product/cache/1/image/9df78eab33525d08d6e5fb8d27136e95/g/e/georges-duboeuf---beaujolais-villages-nouveau-2017_1.jpg	
domaine-combe-darroux	-	Domaine Combe Darroux	https://www.macave.leclerc/domaine-combe-darroux	-	https://www.macave.leclerc/media/catalog/product/cache/1/image/9df78eab33525d08d6e5fb8d27136e95/images/catalog/product/placeholder/image.jpg	
jean-charles-pivot-prestige-regnie	-	Jean-Charles Pivot - Prestige	https://www.macave.leclerc/jean-charles-pivot-prestige-regnie	-	https://www.macave.leclerc/media/catalog/product/cache/1/image/9df78eab33525d08d6e5fb8d27136e95/j/e/jean_charles_pivot_prestige_2016_1.jpg	
georges-duboeuf-beaujolais-primeur-2017	-	Georges Duboeuf - Beaujolais Nouveau	https://www.macave.leclerc/georges-duboeuf-beaujolais-primeur-2017	-	https://www.macave.leclerc/media/catalog/product/cache/1/image/9df78eab33525d08d6e5fb8d27136e95/g/e/georges-duboeuf-beaujolais-nouveau-2017_1.jpg	
pierre-brisset-la-combe-aux-moines	-	Pierre Brisset - La Combe aux Moines	https://www.macave.leclerc/pierre-brisset-la-combe-aux-moines	-	https://www.macave.leclerc/media/catalog/product/cache/1/image/9df78eab33525d08d6e5fb8d27136e95/p/i/pierre-brisset---la-combe-aux-moines-2014-bouteille.jpg	
domaine-rene-monnier-2015	-	Domaine René Monnier - Les Chevalières	https://www.macave.leclerc/domaine-rene-monnier-2015	-	https://www.macave.leclerc/media/catalog/product/cache/1/image/9df78eab33525d08d6e5fb8d27136e95/c/1/c1285_xavier_monnot_sas_-_meursault_les_chevalieres__domaine_rene_monnier__2015_1_.jpg	
marc-rougeot-dupin-gamay-2015	-	Marc Rougeot Dupin	https://www.macave.leclerc/marc-rougeot-dupin-gamay-2015	-	https://www.macave.leclerc/media/catalog/product/cache/1/image/9df78eab33525d08d6e5fb8d27136e95/c/1/c1262_maison_albert_bichot_-_bourgogne_gamay.jpg	
georges-duboeuf-les-minaudieres-2015	-	Georges Duboeuf - Les Minaudières	https://www.macave.leclerc/georges-duboeuf-les-minaudieres-2015	-	https://www.macave.leclerc/media/catalog/product/cache/1/image/9df78eab33525d08d6e5fb8d27136e95/g/e/georges_duboeuf_les_minaudieres_2015.jpg	
georges-duboeuf-le-grand-st-vincent-2014	-	Georges Duboeuf - Le Grand St-Vincent	https://www.macave.leclerc/georges-duboeuf-le-grand-st-vincent-2014	-	https://www.macave.leclerc/media/catalog/product/cache/1/image/9df78eab33525d08d6e5fb8d27136e95/l/e/le_grand_saint_vincent_2014.jpg	
marc-rougeot-dupin-village-2014	-	Marc Rougeot Dupin - Village	https://www.macave.leclerc/marc-rougeot-dupin-village-2014	-	https://www.macave.leclerc/media/catalog/product/cache/1/image/9df78eab33525d08d6e5fb8d27136e95/m/a/MARC_ROUGEOT_DUPIN_VILLAGE_1_1.jpg	
freres-muzard-les-cabottes	-	Les Frères Muzard - Les Cabottes	https://www.macave.leclerc/freres-muzard-les-cabottes	-	https://www.macave.leclerc/media/catalog/product/cache/1/image/9df78eab33525d08d6e5fb8d27136e95/f/r/freres_muzard_les_cabottes_2014.jpg	
domaine-francoise-denis-clair	-	Domaine Françoise & Denis Clair	https://www.macave.leclerc/domaine-francoise-denis-clair	-	https://www.macave.leclerc/media/catalog/product/cache/1/image/9df78eab33525d08d6e5fb8d27136e95/d/o/domaine_francoise_denis_clair.jpg	
domaine-dubois-r-fils	-	Domaine Dubois R & Fils	https://www.macave.leclerc/domaine-dubois-r-fils	-	https://www.macave.leclerc/media/catalog/product/cache/1/image/9df78eab33525d08d6e5fb8d27136e95/D/o/DOMAINE_DUBOIS_NUITS_SAINT_GEORGES.jpg	
domaine-bachelet-bertrand-2013	-	Domaine Bertrand Bachelet - La Fussière	https://www.macave.leclerc/domaine-bachelet-bertrand-2013	-	https://www.macave.leclerc/media/catalog/product/cache/1/image/9df78eab33525d08d6e5fb8d27136e95/m/a/MARANGES_1ER_CRU_FUSSIERE.jpg	
collin-bourisset-les-carroz	-	Collin Bourisset - Les Carroz	https://www.macave.leclerc/collin-bourisset-les-carroz	-	https://www.macave.leclerc/media/catalog/product/cache/1/image/9df78eab33525d08d6e5fb8d27136e95/C/O/COLLIN_BOURISSET_LES_CARROZ.jpg	
domaine-theuriet-huguenot	-	Domaine Theuriet Huguenot	https://www.macave.leclerc/domaine-theuriet-huguenot	-	https://www.macave.leclerc/media/catalog/product/cache/1/image/9df78eab33525d08d6e5fb8d27136e95/D/o/DOMAINE_THEURIET_HUGUENOT.jpg	
chateau-de-melin-3760050743254	-	Château de Melin	https://www.macave.leclerc/chateau-de-melin-3760050743254	-	https://www.macave.leclerc/media/catalog/product/cache/1/image/9df78eab33525d08d6e5fb8d27136e95/C/H/CHATEAU_DE_MELIN_2015.jpg	
domaine-de-la-roche-aux-loups	-	Domaine de la Roche aux Loups	https://www.macave.leclerc/domaine-de-la-roche-aux-loups	-	https://www.macave.leclerc/media/catalog/product/cache/1/image/9df78eab33525d08d6e5fb8d27136e95/r/o/ROCHE_AUX_LOUPS_BOURGOGNE_HAUTES_COTES_DE_BEAUNE.jpg	
domaine-des-gandines	-	Domaine des Gandines - Terroir de Clessé	https://www.macave.leclerc/domaine-des-gandines	-	https://www.macave.leclerc/media/catalog/product/cache/1/image/9df78eab33525d08d6e5fb8d27136e95/D/o/DOMAINE_GANDINES_VIRE_CLESSE.jpg	
levert-freres	-	Levert Frères	https://www.macave.leclerc/levert-freres	-	https://www.macave.leclerc/media/catalog/product/cache/1/image/9df78eab33525d08d6e5fb8d27136e95/L/E/LEVERT_FRERES_VIRE_CLESSE.jpg	
tessellae-chardonnay-2015	-	Tessellae - Chardonnay	https://www.macave.leclerc/tessellae-chardonnay-2015	-	https://www.macave.leclerc/media/catalog/product/cache/1/image/9df78eab33525d08d6e5fb8d27136e95/c/1/c1241_cap_vignobles_-_igp_cotes_catalanes_chardonnay_tesselae_2016_2.jpg	
la-mandragore-sorcieres-2016	-	La Mandragore - Sorcières	https://www.macave.leclerc/la-mandragore-sorcieres-2016	-	https://www.macave.leclerc/media/catalog/product/cache/1/image/9df78eab33525d08d6e5fb8d27136e95/l/a/la_mandragore_sorcieres_2016.jpg	
	-	#	https://www.macave.leclerc/guide-vin/cat/regions_et_appellations/	-	#	
	-	#	https://www.macave.leclerc/guide-vin/cat/accords_mets_et_vins/	-	#	
	-	#	https://www.macave.leclerc/guide-vin/cat/tout_savoir_sur_le_vin/	-	#	
chateau-brespaillan-2014	-	Château Brespaillan	https://www.macave.leclerc/chateau-brespaillan-2014	-	https://www.macave.leclerc/media/catalog/product/cache/1/image/9df78eab33525d08d6e5fb8d27136e95/c/h/ch_teau-brespaillan-2014---bouteille.jpg	
chateau-du-haut-guerin	-	Château du Haut Guerin	https://www.macave.leclerc/chateau-du-haut-guerin	-	https://www.macave.leclerc/media/catalog/product/cache/1/image/9df78eab33525d08d6e5fb8d27136e95/h/a/haut-guerin.jpg	
l-heritage-laurenzane-2013	-	L'Héritage Laurenzane	https://www.macave.leclerc/l-heritage-laurenzane-2013	-	https://www.macave.leclerc/media/catalog/product/cache/1/image/9df78eab33525d08d6e5fb8d27136e95/l/_/l_heritage-laurenzane---bouteille.jpg	
tessellae-muscat-2016	-	Tessellae - Muscat Sec	https://www.macave.leclerc/tessellae-muscat-2016	-	https://www.macave.leclerc/media/catalog/product/cache/1/image/9df78eab33525d08d6e5fb8d27136e95/m/a/macave-vf37-resize403x471_0009_c1242_cap_vignobles_-_igp_cotes_catalanes_muscat_sec_tesselae_2016.jpg	
moulin-grangere-2015	-	Château Moulin de la Grangère	https://www.macave.leclerc/moulin-grangere-2015	-	https://www.macave.leclerc/media/catalog/product/cache/1/image/9df78eab33525d08d6e5fb8d27136e95/c/h/chateau_moulin_de_la_grangere_2014_1.jpg	
chateau-relais-de-la-poste-2014	-	Château Relais de La Poste	https://www.macave.leclerc/chateau-relais-de-la-poste-2014	-	https://www.macave.leclerc/media/catalog/product/cache/1/image/9df78eab33525d08d6e5fb8d27136e95/c/h/chateau_relais_poste_2012.jpg	
les-incroyables-e-leclerc	-	#	https://www.macave.leclerc/les-incroyables-e-leclerc	-	#	
costa-nera-reserva	-	#	https://www.macave.leclerc/costa-nera-reserva	-	#	
chateau-vieux-cassan-4490	-	#	https://www.macave.leclerc/chateau-vieux-cassan-4490	-	#	
l-incroyable-e-leclerc-de-la-semaine	-	#	https://www.macave.leclerc/l-incroyable-e-leclerc-de-la-semaine	-	#	
chateau-thieuley-2015	-	Château Thieuley	https://www.macave.leclerc/chateau-thieuley-2015	-	https://www.macave.leclerc/media/catalog/product/cache/1/image/9df78eab33525d08d6e5fb8d27136e95/i/_/i_1227_vignobles_francis_courselle_-_bordeaux_blanc__chateau_thieuley__2015_2_.jpg	
accords-vins-et-fromages-a-pate-molle	-	#	https://www.macave.leclerc/accords-vins-et-fromages-a-pate-molle	-	#	
accords-vins-et-fromages-a-pate-persillee	-	#	https://www.macave.leclerc/accords-vins-et-fromages-a-pate-persillee	-	#	
chateau-boutisse-2015	-	Château Boutisse	https://www.macave.leclerc/chateau-boutisse-2015	-	https://www.macave.leclerc/media/catalog/product/cache/1/image/9df78eab33525d08d6e5fb8d27136e95/i/_/i_1084_domaine_de_chateau_boutisse_-_saint_emilion_grand_cru_chateau_boutisse_2015.jpg	
chateau-roque-le-mayne-2015	-	Château Roque le Mayne	https://www.macave.leclerc/chateau-roque-le-mayne-2015	-	https://www.macave.leclerc/media/catalog/product/cache/1/image/9df78eab33525d08d6e5fb8d27136e95/i/_/i_1224_vignerons_traditions_-_castillon_cotes_de_bordeaux__chateau_roque_le_mayne__2015_1_.jpg	
decouverte-des-vins-d-alsace	-	#	https://www.macave.leclerc/decouverte-des-vins-d-alsace	-	#	
accords-vins-et-fromages-a-pate-dure	-	#	https://www.macave.leclerc/accords-vins-et-fromages-a-pate-dure	-	#	
domaine-vocoret-fils-2016	-	Domaine Vocoret & Fils - Vieilles Vignes	https://www.macave.leclerc/domaine-vocoret-fils-2016	-	https://www.macave.leclerc/media/catalog/product/cache/1/image/9df78eab33525d08d6e5fb8d27136e95/D/o/DOMAINE_VOCORET_VIEILLES_VIGNES_2015_1.jpg	
clos-de-los-siete-2014	-	Clos de Los Siete	https://www.macave.leclerc/clos-de-los-siete-2014	-	https://www.macave.leclerc/media/catalog/product/cache/1/image/9df78eab33525d08d6e5fb8d27136e95/i/_/i_1078_cvbg_dourthe_-_argentine__clos_de_los_siete__2014_1_.jpg	
chateau-la-negly-2016-blanc	-	Château La Negly - Tradition	https://www.macave.leclerc/chateau-la-negly-2016-blanc	-	https://www.macave.leclerc/media/catalog/product/cache/1/image/9df78eab33525d08d6e5fb8d27136e95/c/1/c1275_select_vins_-_languedoc_la_clape_chateau_la_negly_2016.jpg	
domaine-dutron-fils-les-vignes-du-chateau-2015	-	Domaine Dutron & Fils - Les Vignes du Château	https://www.macave.leclerc/domaine-dutron-fils-les-vignes-du-chateau-2015	-	https://www.macave.leclerc/media/catalog/product/cache/1/image/9df78eab33525d08d6e5fb8d27136e95/D/o/DOMAINE_DUTRON_VIGNES_DU_CHATEAU_2015.jpg	
olivier-bosse-platiere-st-amour-2016	-	Olivier Bosse Platière	https://www.macave.leclerc/olivier-bosse-platiere-st-amour-2016	-	https://www.macave.leclerc/media/catalog/product/cache/1/image/9df78eab33525d08d6e5fb8d27136e95/o/l/olivier-bosse--platiere---moulin-a-vent---2016_1.jpg	
vincent-ricard	-	#	https://www.macave.leclerc/vincent-ricard	-	#	
chateau-vieux-cassan-2015	-	Château Vieux Cassan	https://www.macave.leclerc/chateau-vieux-cassan-2015	-	https://www.macave.leclerc/media/catalog/product/cache/1/image/9df78eab33525d08d6e5fb8d27136e95/c/h/chateau_vieux_cassan_2015.jpg	
esprit-de-valandraud	-	Esprit de Valandraud	https://www.macave.leclerc/esprit-de-valandraud	-	https://www.macave.leclerc/media/catalog/product/cache/1/image/9df78eab33525d08d6e5fb8d27136e95/E/S/ESPRIT_DE_VALANDRAUD_2012.jpg	
domaine-pitault-landry-2016	-	Domaine Pitault-Landry - Les Terrasses	https://www.macave.leclerc/domaine-pitault-landry-2016	-	https://www.macave.leclerc/media/catalog/product/cache/1/image/9df78eab33525d08d6e5fb8d27136e95/D/o/DOMAINE_PITAULT_LANDRY_2015_1.jpg	
jean-geiler-riesling-grand-cru-2015	-	Jean Geiler	https://www.macave.leclerc/jean-geiler-riesling-grand-cru-2015	-	https://www.macave.leclerc/media/catalog/product/cache/1/image/9df78eab33525d08d6e5fb8d27136e95/r/i/riesling_grand_cru_sommerberg_jean_geiler_2015.jpg	
chateau-haut-coustet-2014	-	Château Haut Coustet	https://www.macave.leclerc/chateau-haut-coustet-2014	-	https://www.macave.leclerc/media/catalog/product/cache/1/image/9df78eab33525d08d6e5fb8d27136e95/c/h/chateau_haut_coustet_2013_1.jpg	
petit-soutard-2014	-	Petit Soutard	https://www.macave.leclerc/petit-soutard-2014	-	https://www.macave.leclerc/media/catalog/product/cache/1/image/9df78eab33525d08d6e5fb8d27136e95/P/E/PETIT_SOUTARD_2014.jpg	
joseph-cattin-vieilles-vignes-2016	-	Joseph Cattin - Vieilles Vignes	https://www.macave.leclerc/joseph-cattin-vieilles-vignes-2016	-	https://www.macave.leclerc/media/catalog/product/cache/1/image/9df78eab33525d08d6e5fb8d27136e95/J/O/JOSEPH_CATTIN_VIEILLES_VIGNES_2015_1.jpg	
vincent-ricard-le-bouc-2016	-	Domaine Ricard - Le Bouc	https://www.macave.leclerc/vincent-ricard-le-bouc-2016	-	https://www.macave.leclerc/media/catalog/product/cache/1/image/9df78eab33525d08d6e5fb8d27136e95/L/E/LE_BOUC_2015_1.jpg	
le-clos-de-vauriou	-	Domaine Ricard - Le Clos de Vauriou	https://www.macave.leclerc/le-clos-de-vauriou	-	https://www.macave.leclerc/media/catalog/product/cache/1/image/9df78eab33525d08d6e5fb8d27136e95/C/l/CLOS_VAURIOU.jpg	
le-vilain-p-tit-rouge	-	Domaine Ricard - Le Vilain P'Tit Rouge	https://www.macave.leclerc/le-vilain-p-tit-rouge	-	https://www.macave.leclerc/media/catalog/product/cache/1/image/9df78eab33525d08d6e5fb8d27136e95/v/i/VILAIN_PTIT_ROUGE.jpg	
l-effrontee	-	Domaine Ricard - L'Effrontée	https://www.macave.leclerc/l-effrontee	-	https://www.macave.leclerc/media/catalog/product/cache/1/image/9df78eab33525d08d6e5fb8d27136e95/e/f/EFFRONTEE.jpg	
chateau-de-gaudou-tradition	-	Château de Gaudou - Tradition	https://www.macave.leclerc/chateau-de-gaudou-tradition	-	https://www.macave.leclerc/media/catalog/product/cache/1/image/9df78eab33525d08d6e5fb8d27136e95/C/H/CHATEAU_GAUDOU_TRADITION.jpg	
