vins-regions	Régions			|accueil	https://www.macave.leclerc/vins-regions	
incroyables-e-leclerc	Les Incroyables			#	https://www.macave.leclerc/incroyables-e-leclerc	
vins-bio	Vins Bio			#	https://www.macave.leclerc/vins-bio	
vins-rose	Rosé			|accueil|vins	https://www.macave.leclerc/vins-rose	
vins-rhone	Vallée du Rhône			|accueil|vins	https://www.macave.leclerc/vins-rhone	
vins-provence	Provence			|accueil|vins	https://www.macave.leclerc/vins-provence	
vins-blanc	Blanc			|accueil|vins	https://www.macave.leclerc/vins-blanc	
vins-rouge	Rouge			|accueil|vins	https://www.macave.leclerc/vins-rouge	
vins-corse	Corse			|accueil|vins	https://www.macave.leclerc/vins-corse	
vins-loire	Loire			|accueil|vins	https://www.macave.leclerc/vins-loire	
vins-sud-ouest	Sud-Ouest			|accueil|vins	https://www.macave.leclerc/vins-sud-ouest	
vins-languedoc-roussillon	Languedoc-Roussillon			|accueil|vins	https://www.macave.leclerc/vins-languedoc-roussillon	
vins-couleur	Couleur			|accueil	https://www.macave.leclerc/vins-couleur	
vins-champagne	Champagne			|accueil|vins	https://www.macave.leclerc/vins-champagne	
vins-etrangers	Vins du Monde			|accueil|vins	https://www.macave.leclerc/vins-etrangers	
vins-bourgogne	Bourgogne			|accueil|vins	https://www.macave.leclerc/vins-bourgogne	
vins-beaujolais	Beaujolais			|accueil|vins	https://www.macave.leclerc/vins-beaujolais	
vins-alsace	Alsace			|accueil|vins	https://www.macave.leclerc/vins-alsace	
vins-bordeaux	Bordeaux			|accueil|vins	https://www.macave.leclerc/vins-bordeaux	
